Tiempo (min),I pulso (mA),I bias (mA),Vinst 1 (V),Rinst 1 (Ohm),Rrem 1 (Ohm),Vbias 1 (V),Vinst 2 (V),Rinst 2 (Ohm),Rrem 2 (Ohm),Vbias 2 (V),Ancho pulso (s),Periodo (s),Vcc (V),Vrange,NPLC,Ch2?,N bias
0.0127,0.0,nan,-0.000111,nan,nan,nan,nan,nan,nan,nan,0.5,0.2,30.0,100 V,2.0,False,1
0.0273,nan,0.0001,nan,nan,2168950.0,0.216895,nan,nan,nan,nan,0.5,0.2,30.0,100 V,2.0,False,1
0.0420,0.0001,nan,0.217725,2177250.0,nan,nan,nan,nan,nan,nan,0.5,0.2,30.0,100 V,2.0,False,1
0.0566,nan,0.0001,nan,nan,2181670.0,0.218167,nan,nan,nan,nan,0.5,0.2,30.0,100 V,2.0,False,1
0.0713,0.0002,nan,0.438436,2192180.0,nan,nan,nan,nan,nan,nan,0.5,0.2,30.0,100 V,2.0,False,1
0.0860,nan,0.0001,nan,nan,2193290.0,0.219329,nan,nan,nan,nan,0.5,0.2,30.0,100 V,2.0,False,1
0.1006,0.00030000000000000003,nan,0.654834,2182780.0,nan,nan,nan,nan,nan,nan,0.5,0.2,30.0,100 V,2.0,False,1
0.1153,nan,0.0001,nan,nan,2206559.9999999995,0.220656,nan,nan,nan,nan,0.5,0.2,30.0,100 V,2.0,False,1
0.1299,0.0004,nan,0.859452,2148630.0,nan,nan,nan,nan,nan,nan,0.5,0.2,30.0,100 V,2.0,False,1
0.1446,nan,0.0001,nan,nan,2225360.0,0.222536,nan,nan,nan,nan,0.5,0.2,30.0,100 V,2.0,False,1
0.1592,0.0005,nan,1.049139,2098278.0,nan,nan,nan,nan,nan,nan,0.5,0.2,30.0,100 V,2.0,False,1
0.1738,nan,0.0001,nan,nan,2234210.0,0.223421,nan,nan,nan,nan,0.5,0.2,30.0,100 V,2.0,False,1
0.1884,0.0006000000000000001,nan,1.225277,2042128.333333333,nan,nan,nan,nan,nan,nan,0.5,0.2,30.0,100 V,2.0,False,1
0.2030,nan,0.0001,nan,nan,2244720.0,0.224472,nan,nan,nan,nan,0.5,0.2,30.0,100 V,2.0,False,1
0.2176,0.0007000000000000001,nan,1.397045,1995778.5714285714,nan,nan,nan,nan,nan,nan,0.5,0.2,30.0,100 V,2.0,False,1
0.2323,nan,0.0001,nan,nan,2254120.0,0.225412,nan,nan,nan,nan,0.5,0.2,30.0,100 V,2.0,False,1
0.2468,0.0008000000000000001,nan,1.562123,1952653.7499999995,nan,nan,nan,nan,nan,nan,0.5,0.2,30.0,100 V,2.0,False,1
0.2615,nan,0.0001,nan,nan,2264070.0,0.226407,nan,nan,nan,nan,0.5,0.2,30.0,100 V,2.0,False,1
0.2762,0.0009000000000000002,nan,1.72272,1914133.333333333,nan,nan,nan,nan,nan,nan,0.5,0.2,30.0,100 V,2.0,False,1
0.2909,nan,0.0001,nan,nan,2265730.0,0.226573,nan,nan,nan,nan,0.5,0.2,30.0,100 V,2.0,False,1
0.3055,0.0010000000000000002,nan,1.883429,1883428.9999999998,nan,nan,nan,nan,nan,nan,0.5,0.2,30.0,100 V,2.0,False,1
0.3201,nan,0.0001,nan,nan,2279009.9999999995,0.227901,nan,nan,nan,nan,0.5,0.2,30.0,100 V,2.0,False,1
0.3347,0.0011000000000000003,nan,2.038939,1853580.9090909087,nan,nan,nan,nan,nan,nan,0.5,0.2,30.0,100 V,2.0,False,1
0.3493,nan,0.0001,nan,nan,2285089.9999999995,0.228509,nan,nan,nan,nan,0.5,0.2,30.0,100 V,2.0,False,1
0.3639,0.0012000000000000003,nan,2.191962,1826634.9999999995,nan,nan,nan,nan,nan,nan,0.5,0.2,30.0,100 V,2.0,False,1
0.3785,nan,0.0001,nan,nan,2291729.9999999995,0.229173,nan,nan,nan,nan,0.5,0.2,30.0,100 V,2.0,False,1
0.3931,0.0013000000000000004,nan,2.343601,1802769.9999999993,nan,nan,nan,nan,nan,nan,0.5,0.2,30.0,100 V,2.0,False,1
0.4077,nan,0.0001,nan,nan,2300020.0,0.230002,nan,nan,nan,nan,0.5,0.2,30.0,100 V,2.0,False,1
0.4222,0.0014000000000000004,nan,2.494189,1781563.571428571,nan,nan,nan,nan,nan,nan,0.5,0.2,30.0,100 V,2.0,False,1
0.4369,nan,0.0001,nan,nan,2308870.0,0.230887,nan,nan,nan,nan,0.5,0.2,30.0,100 V,2.0,False,1
0.4514,0.0015000000000000005,nan,2.641846,1761230.6666666663,nan,nan,nan,nan,nan,nan,0.5,0.2,30.0,100 V,2.0,False,1
0.4661,nan,0.0001,nan,nan,2316060.0,0.231606,nan,nan,nan,nan,0.5,0.2,30.0,100 V,2.0,False,1
0.4808,0.0016000000000000005,nan,2.789337,1743335.6249999995,nan,nan,nan,nan,nan,nan,0.5,0.2,30.0,100 V,2.0,False,1
0.4953,nan,0.0001,nan,nan,2322690.0,0.232269,nan,nan,nan,nan,0.5,0.2,30.0,100 V,2.0,False,1
0.5099,0.0017000000000000006,nan,2.934174,1725984.7058823523,nan,nan,nan,nan,nan,nan,0.5,0.2,30.0,100 V,2.0,False,1
0.5245,nan,0.0001,nan,nan,2314400.0,0.23144,nan,nan,nan,nan,0.5,0.2,30.0,100 V,2.0,False,1
0.5391,0.0018000000000000006,nan,3.078734,1710407.7777777773,nan,nan,nan,nan,nan,nan,0.5,0.2,30.0,100 V,2.0,False,1
0.5538,nan,0.0001,nan,nan,2335410.0,0.233541,nan,nan,nan,nan,0.5,0.2,30.0,100 V,2.0,False,1
0.5684,0.0019000000000000006,nan,3.221635,1695597.3684210521,nan,nan,nan,nan,nan,nan,0.5,0.2,30.0,100 V,2.0,False,1
0.5830,nan,0.0001,nan,nan,2338730.0,0.233873,nan,nan,nan,nan,0.5,0.2,30.0,100 V,2.0,False,1
0.5976,0.0020000000000000005,nan,3.364757,1682378.4999999998,nan,nan,nan,nan,nan,nan,0.5,0.2,30.0,100 V,2.0,False,1
0.6123,nan,0.0001,nan,nan,2347579.9999999995,0.234758,nan,nan,nan,nan,0.5,0.2,30.0,100 V,2.0,False,1
0.6269,0.0021000000000000003,nan,3.502183,1667706.1904761903,nan,nan,nan,nan,nan,nan,0.5,0.2,30.0,100 V,2.0,False,1
0.6416,nan,0.0001,nan,nan,2357529.9999999995,0.235753,nan,nan,nan,nan,0.5,0.2,30.0,100 V,2.0,False,1
0.6562,0.0022,nan,3.642982,1655900.909090909,nan,nan,nan,nan,nan,nan,0.5,0.2,30.0,100 V,2.0,False,1
0.6709,nan,0.0001,nan,nan,2360299.9999999995,0.23603,nan,nan,nan,nan,0.5,0.2,30.0,100 V,2.0,False,1
0.6855,0.0023,nan,3.785386,1645820.0,nan,nan,nan,nan,nan,nan,0.5,0.2,30.0,100 V,2.0,False,1
0.7002,nan,0.0001,nan,nan,2367489.9999999995,0.236749,nan,nan,nan,nan,0.5,0.2,30.0,100 V,2.0,False,1
0.7149,0.0024,nan,3.922535,1634389.5833333333,nan,nan,nan,nan,nan,nan,0.5,0.2,30.0,100 V,2.0,False,1
0.7295,nan,0.0001,nan,nan,2368039.9999999995,0.236804,nan,nan,nan,nan,0.5,0.2,30.0,100 V,2.0,False,1
0.7443,0.0024999999999999996,nan,4.062782,1625112.8000000003,nan,nan,nan,nan,nan,nan,0.5,0.2,30.0,100 V,2.0,False,1
0.7590,nan,0.0001,nan,nan,2374680.0,0.237468,nan,nan,nan,nan,0.5,0.2,30.0,100 V,2.0,False,1
0.7736,0.0025999999999999994,nan,4.203252,1616635.3846153847,nan,nan,nan,nan,nan,nan,0.5,0.2,30.0,100 V,2.0,False,1
0.7883,nan,0.0001,nan,nan,2384630.0,0.238463,nan,nan,nan,nan,0.5,0.2,30.0,100 V,2.0,False,1
0.8030,0.0026999999999999993,nan,4.345931,1609604.0740740746,nan,nan,nan,nan,nan,nan,0.5,0.2,30.0,100 V,2.0,False,1
0.8177,nan,0.0001,nan,nan,2391270.0,0.239127,nan,nan,nan,nan,0.5,0.2,30.0,100 V,2.0,False,1
0.8322,0.002799999999999999,nan,4.488556,1603055.7142857148,nan,nan,nan,nan,nan,nan,0.5,0.2,30.0,100 V,2.0,False,1
0.8469,nan,0.0001,nan,nan,2400120.0,0.240012,nan,nan,nan,nan,0.5,0.2,30.0,100 V,2.0,False,1
0.8615,0.002899999999999999,nan,4.634775,1598198.2758620696,nan,nan,nan,nan,nan,nan,0.5,0.2,30.0,100 V,2.0,False,1
0.8762,nan,0.0001,nan,nan,2399560.0,0.239956,nan,nan,nan,nan,0.5,0.2,30.0,100 V,2.0,False,1
0.8909,0.0029999999999999988,nan,4.775353,1591784.333333334,nan,nan,nan,nan,nan,nan,0.5,0.2,30.0,100 V,2.0,False,1
0.9056,nan,0.0001,nan,nan,2402330.0,0.240233,nan,nan,nan,nan,0.5,0.2,30.0,100 V,2.0,False,1
0.9202,0.0030999999999999986,nan,4.925333,1588817.0967741944,nan,nan,nan,nan,nan,nan,0.5,0.2,30.0,100 V,2.0,False,1
0.9348,nan,0.0001,nan,nan,2421129.9999999995,0.242113,nan,nan,nan,nan,0.5,0.2,30.0,100 V,2.0,False,1
0.9494,0.0031999999999999984,nan,5.075755,1586173.4375000007,nan,nan,nan,nan,nan,nan,0.5,0.2,30.0,100 V,2.0,False,1
0.9641,nan,0.0001,nan,nan,2423339.9999999995,0.242334,nan,nan,nan,nan,0.5,0.2,30.0,100 V,2.0,False,1
0.9788,0.0032999999999999982,nan,5.235192,1586421.8181818188,nan,nan,nan,nan,nan,nan,0.5,0.2,30.0,100 V,2.0,False,1
0.9935,nan,0.0001,nan,nan,2423339.9999999995,0.242334,nan,nan,nan,nan,0.5,0.2,30.0,100 V,2.0,False,1
1.0081,0.003399999999999998,nan,5.402868,1589078.8235294127,nan,nan,nan,nan,nan,nan,0.5,0.2,30.0,100 V,2.0,False,1
1.0228,nan,0.0001,nan,nan,2431639.9999999995,0.243164,nan,nan,nan,nan,0.5,0.2,30.0,100 V,2.0,False,1
1.0375,0.003499999999999998,nan,5.580388,1594396.5714285725,nan,nan,nan,nan,nan,nan,0.5,0.2,30.0,100 V,2.0,False,1
1.0521,nan,0.0001,nan,nan,2457080.0,0.245708,nan,nan,nan,nan,0.5,0.2,30.0,100 V,2.0,False,1
1.0668,0.0035999999999999977,nan,5.769245,1602568.0555555564,nan,nan,nan,nan,nan,nan,0.5,0.2,30.0,100 V,2.0,False,1
1.0815,nan,0.0001,nan,nan,2481410.0,0.248141,nan,nan,nan,nan,0.5,0.2,30.0,100 V,2.0,False,1
1.0962,0.0036999999999999976,nan,5.966453,1612554.8648648658,nan,nan,nan,nan,nan,nan,0.5,0.2,30.0,100 V,2.0,False,1
1.1109,nan,0.0001,nan,nan,2487500.0,0.24875,nan,nan,nan,nan,0.5,0.2,30.0,100 V,2.0,False,1
1.1255,0.0037999999999999974,nan,6.180196,1626367.3684210535,nan,nan,nan,nan,nan,nan,0.5,0.2,30.0,100 V,2.0,False,1
1.1402,nan,0.0001,nan,nan,2513489.9999999995,0.251349,nan,nan,nan,nan,0.5,0.2,30.0,100 V,2.0,False,1
1.1549,0.0038999999999999972,nan,6.397316,1640337.435897437,nan,nan,nan,nan,nan,nan,0.5,0.2,30.0,100 V,2.0,False,1
1.1696,nan,0.0001,nan,nan,2532289.9999999995,0.253229,nan,nan,nan,nan,0.5,0.2,30.0,100 V,2.0,False,1
1.1843,0.0039999999999999975,nan,6.624111,1656027.7500000012,nan,nan,nan,nan,nan,nan,0.5,0.2,30.0,100 V,2.0,False,1
1.1990,nan,0.0001,nan,nan,2546120.0,0.254612,nan,nan,nan,nan,0.5,0.2,30.0,100 V,2.0,False,1
1.2138,0.004099999999999998,nan,6.871201,1675902.6829268301,nan,nan,nan,nan,nan,nan,0.5,0.2,30.0,100 V,2.0,False,1
1.2284,nan,0.0001,nan,nan,2579850.0,0.257985,nan,nan,nan,nan,0.5,0.2,30.0,100 V,2.0,False,1
1.2431,0.004199999999999998,nan,7.161759,1705180.714285715,nan,nan,nan,nan,nan,nan,0.5,0.2,30.0,100 V,2.0,False,1
1.2577,nan,0.0001,nan,nan,2600859.9999999995,0.260086,nan,nan,nan,nan,0.5,0.2,30.0,100 V,2.0,False,1
1.2724,0.004299999999999998,nan,7.514975,1747668.6046511633,nan,nan,nan,nan,nan,nan,0.5,0.2,30.0,100 V,2.0,False,1
1.2870,nan,0.0001,nan,nan,2638469.9999999995,0.263847,nan,nan,nan,nan,0.5,0.2,30.0,100 V,2.0,False,1
1.3016,0.0043999999999999985,nan,7.841645,1782192.0454545459,nan,nan,nan,nan,nan,nan,0.5,0.2,30.0,100 V,2.0,False,1
1.3163,nan,0.0001,nan,nan,2668889.9999999995,0.266889,nan,nan,nan,nan,0.5,0.2,30.0,100 V,2.0,False,1
1.3309,0.004499999999999999,nan,8.130876,1806861.3333333337,nan,nan,nan,nan,nan,nan,0.5,0.2,30.0,100 V,2.0,False,1
1.3455,nan,0.0001,nan,nan,2703729.9999999995,0.270373,nan,nan,nan,nan,0.5,0.2,30.0,100 V,2.0,False,1
1.3601,0.004599999999999999,nan,8.43952,1834678.2608695654,nan,nan,nan,nan,nan,nan,0.5,0.2,30.0,100 V,2.0,False,1
1.3748,nan,0.0001,nan,nan,2732479.9999999995,0.273248,nan,nan,nan,nan,0.5,0.2,30.0,100 V,2.0,False,1
1.3895,0.004699999999999999,nan,8.737875,1859122.3404255325,nan,nan,nan,nan,nan,nan,0.5,0.2,30.0,100 V,2.0,False,1
1.4042,nan,0.0001,nan,nan,2759030.0,0.275903,nan,nan,nan,nan,0.5,0.2,30.0,100 V,2.0,False,1
1.4188,0.0048,nan,9.056969,1886868.5416666667,nan,nan,nan,nan,nan,nan,0.5,0.2,30.0,100 V,2.0,False,1
1.4335,nan,0.0001,nan,nan,2794980.0,0.279498,nan,nan,nan,nan,0.5,0.2,30.0,100 V,2.0,False,1
1.4481,0.0049,nan,9.395087,1917364.6938775512,nan,nan,nan,nan,nan,nan,0.5,0.2,30.0,100 V,2.0,False,1
1.4628,nan,0.0001,nan,nan,2832580.0,0.283258,nan,nan,nan,nan,0.5,0.2,30.0,100 V,2.0,False,1
1.4774,0.005,nan,9.756157,1951231.4,nan,nan,nan,nan,nan,nan,0.5,0.2,30.0,100 V,2.0,False,1
1.4921,nan,0.0001,nan,nan,2856909.9999999995,0.285691,nan,nan,nan,nan,0.5,0.2,30.0,100 V,2.0,False,1
1.5068,0.0049,nan,9.742386,1988242.0408163266,nan,nan,nan,nan,nan,nan,0.5,0.2,30.0,100 V,2.0,False,1
1.5214,nan,0.0001,nan,nan,2888439.9999999995,0.288844,nan,nan,nan,nan,0.5,0.2,30.0,100 V,2.0,False,1
1.5361,0.0048,nan,9.691674,2019098.7500000002,nan,nan,nan,nan,nan,nan,0.5,0.2,30.0,100 V,2.0,False,1
1.5508,nan,0.0001,nan,nan,2900599.9999999995,0.29006,nan,nan,nan,nan,0.5,0.2,30.0,100 V,2.0,False,1
1.5655,0.004699999999999999,nan,9.603799,2043361.4893617027,nan,nan,nan,nan,nan,nan,0.5,0.2,30.0,100 V,2.0,False,1
1.5801,nan,0.0001,nan,nan,2923830.0,0.292383,nan,nan,nan,nan,0.5,0.2,30.0,100 V,2.0,False,1
1.5948,0.004599999999999999,nan,9.504697,2066238.47826087,nan,nan,nan,nan,nan,nan,0.5,0.2,30.0,100 V,2.0,False,1
1.6094,nan,0.0001,nan,nan,2944289.9999999995,0.294429,nan,nan,nan,nan,0.5,0.2,30.0,100 V,2.0,False,1
1.6240,0.004499999999999999,nan,9.380211,2084491.3333333335,nan,nan,nan,nan,nan,nan,0.5,0.2,30.0,100 V,2.0,False,1
1.6387,nan,0.0001,nan,nan,2944289.9999999995,0.294429,nan,nan,nan,nan,0.5,0.2,30.0,100 V,2.0,False,1
1.6533,0.0043999999999999985,nan,9.243559,2100808.863636364,nan,nan,nan,nan,nan,nan,0.5,0.2,30.0,100 V,2.0,False,1
1.6679,nan,0.0001,nan,nan,2943740.0,0.294374,nan,nan,nan,nan,0.5,0.2,30.0,100 V,2.0,False,1
1.6826,0.004299999999999998,nan,9.096344,2115428.837209303,nan,nan,nan,nan,nan,nan,0.5,0.2,30.0,100 V,2.0,False,1
1.6972,nan,0.0001,nan,nan,2947060.0,0.294706,nan,nan,nan,nan,0.5,0.2,30.0,100 V,2.0,False,1
1.7119,0.004199999999999998,nan,8.937793,2128045.9523809534,nan,nan,nan,nan,nan,nan,0.5,0.2,30.0,100 V,2.0,False,1
1.7265,nan,0.0001,nan,nan,2945949.9999999995,0.294595,nan,nan,nan,nan,0.5,0.2,30.0,100 V,2.0,False,1
1.7411,0.004099999999999998,nan,8.769176,2138823.414634147,nan,nan,nan,nan,nan,nan,0.5,0.2,30.0,100 V,2.0,False,1
1.7557,nan,0.0001,nan,nan,2933780.0,0.293378,nan,nan,nan,nan,0.5,0.2,30.0,100 V,2.0,False,1
1.7704,0.0039999999999999975,nan,8.594808,2148702.0000000014,nan,nan,nan,nan,nan,nan,0.5,0.2,30.0,100 V,2.0,False,1
1.7851,nan,0.0001,nan,nan,2937660.0,0.293766,nan,nan,nan,nan,0.5,0.2,30.0,100 V,2.0,False,1
1.7998,0.0038999999999999977,nan,8.413693,2157357.179487181,nan,nan,nan,nan,nan,nan,0.5,0.2,30.0,100 V,2.0,False,1
1.8144,nan,0.0001,nan,nan,2923830.0,0.292383,nan,nan,nan,nan,0.5,0.2,30.0,100 V,2.0,False,1
1.8291,0.003799999999999998,nan,8.227876,2165230.5263157906,nan,nan,nan,nan,nan,nan,0.5,0.2,30.0,100 V,2.0,False,1
1.8437,nan,0.0001,nan,nan,2917190.0,0.291719,nan,nan,nan,nan,0.5,0.2,30.0,100 V,2.0,False,1
1.8584,0.003699999999999998,nan,8.034373,2171452.1621621633,nan,nan,nan,nan,nan,nan,0.5,0.2,30.0,100 V,2.0,False,1
1.8730,nan,0.0001,nan,nan,2907239.9999999995,0.290724,nan,nan,nan,nan,0.5,0.2,30.0,100 V,2.0,False,1
1.8877,0.003599999999999998,nan,7.841756,2178265.555555557,nan,nan,nan,nan,nan,nan,0.5,0.2,30.0,100 V,2.0,False,1
1.9024,nan,0.0001,nan,nan,2913879.9999999995,0.291388,nan,nan,nan,nan,0.5,0.2,30.0,100 V,2.0,False,1
1.9170,0.0034999999999999983,nan,7.64405,2184014.285714287,nan,nan,nan,nan,nan,nan,0.5,0.2,30.0,100 V,2.0,False,1
1.9317,nan,0.0001,nan,nan,2890099.9999999995,0.28901,nan,nan,nan,nan,0.5,0.2,30.0,100 V,2.0,False,1
1.9464,0.0033999999999999985,nan,7.446787,2190231.470588236,nan,nan,nan,nan,nan,nan,0.5,0.2,30.0,100 V,2.0,False,1
1.9611,nan,0.0001,nan,nan,2885670.0,0.288567,nan,nan,nan,nan,0.5,0.2,30.0,100 V,2.0,False,1
1.9757,0.0032999999999999987,nan,7.245819,2195702.727272728,nan,nan,nan,nan,nan,nan,0.5,0.2,30.0,100 V,2.0,False,1
1.9903,nan,0.0001,nan,nan,2878479.9999999995,0.287848,nan,nan,nan,nan,0.5,0.2,30.0,100 V,2.0,False,1
2.0050,0.003199999999999999,nan,7.042527,2200789.6875000005,nan,nan,nan,nan,nan,nan,0.5,0.2,30.0,100 V,2.0,False,1
2.0197,nan,0.0001,nan,nan,2865210.0,0.286521,nan,nan,nan,nan,0.5,0.2,30.0,100 V,2.0,False,1
2.0346,0.003099999999999999,nan,6.835586,2205027.7419354846,nan,nan,nan,nan,nan,nan,0.5,0.2,30.0,100 V,2.0,False,1
2.0493,nan,0.0001,nan,nan,2861890.0,0.286189,nan,nan,nan,nan,0.5,0.2,30.0,100 V,2.0,False,1
2.0640,0.002999999999999999,nan,6.631245,2210415.0000000005,nan,nan,nan,nan,nan,nan,0.5,0.2,30.0,100 V,2.0,False,1
2.0787,nan,0.0001,nan,nan,2847509.9999999995,0.284751,nan,nan,nan,nan,0.5,0.2,30.0,100 V,2.0,False,1
2.0933,0.0028999999999999994,nan,6.427013,2216211.3793103453,nan,nan,nan,nan,nan,nan,0.5,0.2,30.0,100 V,2.0,False,1
2.1080,nan,0.0001,nan,nan,2841429.9999999995,0.284143,nan,nan,nan,nan,0.5,0.2,30.0,100 V,2.0,False,1
2.1226,0.0027999999999999995,nan,6.220291,2221532.5000000005,nan,nan,nan,nan,nan,nan,0.5,0.2,30.0,100 V,2.0,False,1
2.1374,nan,0.0001,nan,nan,2829820.0,0.282982,nan,nan,nan,nan,0.5,0.2,30.0,100 V,2.0,False,1
2.1521,0.0026999999999999997,nan,6.012409,2226818.1481481483,nan,nan,nan,nan,nan,nan,0.5,0.2,30.0,100 V,2.0,False,1
2.1668,nan,0.0001,nan,nan,2821520.0,0.282152,nan,nan,nan,nan,0.5,0.2,30.0,100 V,2.0,False,1
2.1815,0.0026,nan,5.802261,2231638.846153846,nan,nan,nan,nan,nan,nan,0.5,0.2,30.0,100 V,2.0,False,1
2.1961,nan,0.0001,nan,nan,2800509.9999999995,0.280051,nan,nan,nan,nan,0.5,0.2,30.0,100 V,2.0,False,1
2.2109,0.0025,nan,5.590674,2236269.5999999996,nan,nan,nan,nan,nan,nan,0.5,0.2,30.0,100 V,2.0,False,1
2.2255,nan,0.0001,nan,nan,2791100.0,0.27911,nan,nan,nan,nan,0.5,0.2,30.0,100 V,2.0,False,1
2.2402,0.0024000000000000002,nan,5.382461,2242692.083333333,nan,nan,nan,nan,nan,nan,0.5,0.2,30.0,100 V,2.0,False,1
2.2548,nan,0.0001,nan,nan,2782809.9999999995,0.278281,nan,nan,nan,nan,0.5,0.2,30.0,100 V,2.0,False,1
2.2695,0.0023000000000000004,nan,5.172755,2249023.913043478,nan,nan,nan,nan,nan,nan,0.5,0.2,30.0,100 V,2.0,False,1
2.2842,nan,0.0001,nan,nan,2777830.0,0.277783,nan,nan,nan,nan,0.5,0.2,30.0,100 V,2.0,False,1
2.2989,0.0022000000000000006,nan,4.964985,2256811.3636363633,nan,nan,nan,nan,nan,nan,0.5,0.2,30.0,100 V,2.0,False,1
2.3136,nan,0.0001,nan,nan,2752950.0,0.275295,nan,nan,nan,nan,0.5,0.2,30.0,100 V,2.0,False,1
2.3284,0.0021000000000000007,nan,4.754062,2263839.047619047,nan,nan,nan,nan,nan,nan,0.5,0.2,30.0,100 V,2.0,False,1
2.3430,nan,0.0001,nan,nan,2749070.0,0.274907,nan,nan,nan,nan,0.5,0.2,30.0,100 V,2.0,False,1
2.3577,0.002000000000000001,nan,4.54336,2271679.999999999,nan,nan,nan,nan,nan,nan,0.5,0.2,30.0,100 V,2.0,False,1
2.3723,nan,0.0001,nan,nan,2732479.9999999995,0.273248,nan,nan,nan,nan,0.5,0.2,30.0,100 V,2.0,False,1
2.3870,0.0019000000000000009,nan,4.330834,2279386.315789473,nan,nan,nan,nan,nan,nan,0.5,0.2,30.0,100 V,2.0,False,1
2.4017,nan,0.0001,nan,nan,2712579.9999999995,0.271258,nan,nan,nan,nan,0.5,0.2,30.0,100 V,2.0,False,1
2.4163,0.0018000000000000008,nan,4.11919,2288438.8888888876,nan,nan,nan,nan,nan,nan,0.5,0.2,30.0,100 V,2.0,False,1
2.4309,nan,0.0001,nan,nan,2706489.9999999995,0.270649,nan,nan,nan,nan,0.5,0.2,30.0,100 V,2.0,False,1
2.4456,0.0017000000000000008,nan,3.90517,2297158.8235294106,nan,nan,nan,nan,nan,nan,0.5,0.2,30.0,100 V,2.0,False,1
2.4602,nan,0.0001,nan,nan,2692669.9999999995,0.269267,nan,nan,nan,nan,0.5,0.2,30.0,100 V,2.0,False,1
2.4750,0.0016000000000000007,nan,3.686284,2303927.499999999,nan,nan,nan,nan,nan,nan,0.5,0.2,30.0,100 V,2.0,False,1
2.4896,nan,0.0001,nan,nan,2682709.9999999995,0.268271,nan,nan,nan,nan,0.5,0.2,30.0,100 V,2.0,False,1
2.5043,0.0015000000000000007,nan,3.477297,2318197.999999999,nan,nan,nan,nan,nan,nan,0.5,0.2,30.0,100 V,2.0,False,1
2.5190,nan,0.0001,nan,nan,2668329.9999999995,0.266833,nan,nan,nan,nan,0.5,0.2,30.0,100 V,2.0,False,1
2.5337,0.0014000000000000006,nan,3.258024,2327159.999999999,nan,nan,nan,nan,nan,nan,0.5,0.2,30.0,100 V,2.0,False,1
2.5483,nan,0.0001,nan,nan,2656169.9999999995,0.265617,nan,nan,nan,nan,0.5,0.2,30.0,100 V,2.0,False,1
2.5629,0.0013000000000000006,nan,3.040741,2339031.5384615376,nan,nan,nan,nan,nan,nan,0.5,0.2,30.0,100 V,2.0,False,1
2.5775,nan,0.0001,nan,nan,2646769.9999999995,0.264677,nan,nan,nan,nan,0.5,0.2,30.0,100 V,2.0,False,1
2.5922,0.0012000000000000005,nan,2.8192,2349333.333333332,nan,nan,nan,nan,nan,nan,0.5,0.2,30.0,100 V,2.0,False,1
2.6069,nan,0.0001,nan,nan,2625199.9999999995,0.26252,nan,nan,nan,nan,0.5,0.2,30.0,100 V,2.0,False,1
2.6215,0.0011000000000000005,nan,2.591853,2356229.999999999,nan,nan,nan,nan,nan,nan,0.5,0.2,30.0,100 V,2.0,False,1
2.6362,nan,0.0001,nan,nan,2625199.9999999995,0.26252,nan,nan,nan,nan,0.5,0.2,30.0,100 V,2.0,False,1
2.6508,0.0010000000000000005,nan,2.369372,2369371.999999999,nan,nan,nan,nan,nan,nan,0.5,0.2,30.0,100 V,2.0,False,1
2.6655,nan,0.0001,nan,nan,2602519.9999999995,0.260252,nan,nan,nan,nan,0.5,0.2,30.0,100 V,2.0,False,1
2.6802,0.0009000000000000004,nan,2.1449,2383222.222222221,nan,nan,nan,nan,nan,nan,0.5,0.2,30.0,100 V,2.0,False,1
2.6949,nan,0.0001,nan,nan,2582619.9999999995,0.258262,nan,nan,nan,nan,0.5,0.2,30.0,100 V,2.0,False,1
2.7096,0.0008000000000000004,nan,1.912352,2390439.999999999,nan,nan,nan,nan,nan,nan,0.5,0.2,30.0,100 V,2.0,False,1
2.7243,nan,0.0001,nan,nan,2571550.0,0.257155,nan,nan,nan,nan,0.5,0.2,30.0,100 V,2.0,False,1
2.7390,0.0007000000000000003,nan,1.681907,2402724.285714285,nan,nan,nan,nan,nan,nan,0.5,0.2,30.0,100 V,2.0,False,1
2.7536,nan,0.0001,nan,nan,2557180.0,0.255718,nan,nan,nan,nan,0.5,0.2,30.0,100 V,2.0,False,1
2.7683,0.0006000000000000003,nan,1.449417,2415694.9999999986,nan,nan,nan,nan,nan,nan,0.5,0.2,30.0,100 V,2.0,False,1
2.7829,nan,0.0001,nan,nan,2555520.0,0.255552,nan,nan,nan,nan,0.5,0.2,30.0,100 V,2.0,False,1
2.7976,0.0005000000000000002,nan,1.215765,2431529.999999999,nan,nan,nan,nan,nan,nan,0.5,0.2,30.0,100 V,2.0,False,1
2.8122,nan,0.0001,nan,nan,2536160.0,0.253616,nan,nan,nan,nan,0.5,0.2,30.0,100 V,2.0,False,1
2.8268,0.00040000000000000024,nan,0.976582,2441454.999999998,nan,nan,nan,nan,nan,nan,0.5,0.2,30.0,100 V,2.0,False,1
2.8415,nan,0.0001,nan,nan,2524549.9999999995,0.252455,nan,nan,nan,nan,0.5,0.2,30.0,100 V,2.0,False,1
2.8561,0.00030000000000000024,nan,0.735354,2451179.9999999977,nan,nan,nan,nan,nan,nan,0.5,0.2,30.0,100 V,2.0,False,1
2.8707,nan,0.0001,nan,nan,2504089.9999999995,0.250409,nan,nan,nan,nan,0.5,0.2,30.0,100 V,2.0,False,1
2.8854,0.00020000000000000025,nan,0.495619,2478094.9999999967,nan,nan,nan,nan,nan,nan,0.5,0.2,30.0,100 V,2.0,False,1
2.9000,nan,0.0001,nan,nan,2504089.9999999995,0.250409,nan,nan,nan,nan,0.5,0.2,30.0,100 V,2.0,False,1
2.9147,0.00010000000000000025,nan,0.24969,2496899.999999994,nan,nan,nan,nan,nan,nan,0.5,0.2,30.0,100 V,2.0,False,1
2.9293,nan,0.0001,nan,nan,2486940.0,0.248694,nan,nan,nan,nan,0.5,0.2,30.0,100 V,2.0,False,1
2.9441,2.439454888092385e-19,nan,0.248584,1.0190145397375588e+21,nan,nan,nan,nan,nan,nan,0.5,0.2,30.0,100 V,2.0,False,1
2.9588,nan,0.0001,nan,nan,2481970.0,0.248197,nan,nan,nan,nan,0.5,0.2,30.0,100 V,2.0,False,1
2.9735,-9.999999999999976e-05,nan,-0.236583,2365830.0000000056,nan,nan,nan,nan,nan,nan,0.5,0.2,30.0,100 V,2.0,False,1
2.9882,nan,0.0001,nan,nan,2465370.0,0.246537,nan,nan,nan,nan,0.5,0.2,30.0,100 V,2.0,False,1
3.0030,-0.00019999999999999977,nan,-0.475655,2378275.000000003,nan,nan,nan,nan,nan,nan,0.5,0.2,30.0,100 V,2.0,False,1
3.0176,nan,0.0001,nan,nan,2453210.0,0.245321,nan,nan,nan,nan,0.5,0.2,30.0,100 V,2.0,False,1
3.0324,-0.00029999999999999976,nan,-0.708643,2362143.3333333354,nan,nan,nan,nan,nan,nan,0.5,0.2,30.0,100 V,2.0,False,1
3.0470,nan,0.0001,nan,nan,2436059.9999999995,0.243606,nan,nan,nan,nan,0.5,0.2,30.0,100 V,2.0,False,1
3.0618,-0.00039999999999999975,nan,-0.941355,2353387.5000000014,nan,nan,nan,nan,nan,nan,0.5,0.2,30.0,100 V,2.0,False,1
3.0764,nan,0.0001,nan,nan,2415599.9999999995,0.24156,nan,nan,nan,nan,0.5,0.2,30.0,100 V,2.0,False,1
3.0911,-0.0004999999999999998,nan,-1.168151,2336302.000000001,nan,nan,nan,nan,nan,nan,0.5,0.2,30.0,100 V,2.0,False,1
3.1057,nan,0.0001,nan,nan,2406750.0,0.240675,nan,nan,nan,nan,0.5,0.2,30.0,100 V,2.0,False,1
3.1204,-0.0005999999999999998,nan,-1.386098,2310163.333333334,nan,nan,nan,nan,nan,nan,0.5,0.2,30.0,100 V,2.0,False,1
3.1351,nan,0.0001,nan,nan,2373570.0,0.237357,nan,nan,nan,nan,0.5,0.2,30.0,100 V,2.0,False,1
3.1498,-0.0006999999999999999,nan,-1.599675,2285250.0000000005,nan,nan,nan,nan,nan,nan,0.5,0.2,30.0,100 V,2.0,False,1
3.1645,nan,0.0001,nan,nan,2362509.9999999995,0.236251,nan,nan,nan,nan,0.5,0.2,30.0,100 V,2.0,False,1
3.1792,-0.0007999999999999999,nan,-1.819446,2274307.5,nan,nan,nan,nan,nan,nan,0.5,0.2,30.0,100 V,2.0,False,1
3.1939,nan,0.0001,nan,nan,2339290.0,0.233929,nan,nan,nan,nan,0.5,0.2,30.0,100 V,2.0,False,1
3.2087,-0.0009,nan,-2.027106,2252340.0,nan,nan,nan,nan,nan,nan,0.5,0.2,30.0,100 V,2.0,False,1
3.2233,nan,0.0001,nan,nan,2329330.0,0.232933,nan,nan,nan,nan,0.5,0.2,30.0,100 V,2.0,False,1
3.2379,-0.001,nan,-2.233607,2233607.0,nan,nan,nan,nan,nan,nan,0.5,0.2,30.0,100 V,2.0,False,1
3.2526,nan,0.0001,nan,nan,2303890.0,0.230389,nan,nan,nan,nan,0.5,0.2,30.0,100 V,2.0,False,1
3.2672,-0.0011,nan,-2.431533,2210484.5454545454,nan,nan,nan,nan,nan,nan,0.5,0.2,30.0,100 V,2.0,False,1
3.2819,nan,0.0001,nan,nan,2283979.9999999995,0.228398,nan,nan,nan,nan,0.5,0.2,30.0,100 V,2.0,False,1
3.2967,-0.0012000000000000001,nan,-2.631562,2192968.333333333,nan,nan,nan,nan,nan,nan,0.5,0.2,30.0,100 V,2.0,False,1
3.3114,nan,0.0001,nan,nan,2281219.9999999995,0.228122,nan,nan,nan,nan,0.5,0.2,30.0,100 V,2.0,False,1
3.3260,-0.0013000000000000002,nan,-2.823129,2171637.692307692,nan,nan,nan,nan,nan,nan,0.5,0.2,30.0,100 V,2.0,False,1
3.3407,nan,0.0001,nan,nan,2261860.0,0.226186,nan,nan,nan,nan,0.5,0.2,30.0,100 V,2.0,False,1
3.3553,-0.0014000000000000002,nan,-3.011709,2151220.714285714,nan,nan,nan,nan,nan,nan,0.5,0.2,30.0,100 V,2.0,False,1
3.3700,nan,0.0001,nan,nan,2248590.0,0.224859,nan,nan,nan,nan,0.5,0.2,30.0,100 V,2.0,False,1
3.3846,-0.0015000000000000002,nan,-3.197635,2131756.6666666665,nan,nan,nan,nan,nan,nan,0.5,0.2,30.0,100 V,2.0,False,1
3.3992,nan,0.0001,nan,nan,2225920.0,0.222592,nan,nan,nan,nan,0.5,0.2,30.0,100 V,2.0,False,1
3.4139,-0.0016000000000000003,nan,-3.384668,2115417.4999999995,nan,nan,nan,nan,nan,nan,0.5,0.2,30.0,100 V,2.0,False,1
3.4285,nan,0.0001,nan,nan,2213749.9999999995,0.221375,nan,nan,nan,nan,0.5,0.2,30.0,100 V,2.0,False,1
3.4432,-0.0017000000000000003,nan,-3.56158,2095047.058823529,nan,nan,nan,nan,nan,nan,0.5,0.2,30.0,100 V,2.0,False,1
3.4579,nan,0.0001,nan,nan,2197159.9999999995,0.219716,nan,nan,nan,nan,0.5,0.2,30.0,100 V,2.0,False,1
3.4725,-0.0018000000000000004,nan,-3.742529,2079182.7777777775,nan,nan,nan,nan,nan,nan,0.5,0.2,30.0,100 V,2.0,False,1
3.4871,nan,0.0001,nan,nan,2175590.0,0.217559,nan,nan,nan,nan,0.5,0.2,30.0,100 V,2.0,False,1
3.5017,-0.0019000000000000004,nan,-3.916233,2061175.2631578944,nan,nan,nan,nan,nan,nan,0.5,0.2,30.0,100 V,2.0,False,1
3.5163,nan,0.0001,nan,nan,2162870.0,0.216287,nan,nan,nan,nan,0.5,0.2,30.0,100 V,2.0,False,1
3.5309,-0.0020000000000000005,nan,-4.092647,2046323.4999999998,nan,nan,nan,nan,nan,nan,0.5,0.2,30.0,100 V,2.0,False,1
3.5455,nan,0.0001,nan,nan,2146830.0,0.214683,nan,nan,nan,nan,0.5,0.2,30.0,100 V,2.0,False,1
3.5602,-0.0021000000000000003,nan,-4.265137,2031017.619047619,nan,nan,nan,nan,nan,nan,0.5,0.2,30.0,100 V,2.0,False,1
3.5749,nan,0.0001,nan,nan,2139089.9999999995,0.213909,nan,nan,nan,nan,0.5,0.2,30.0,100 V,2.0,False,1
3.5895,-0.0022,nan,-4.435357,2016071.3636363635,nan,nan,nan,nan,nan,nan,0.5,0.2,30.0,100 V,2.0,False,1
3.6041,nan,0.0001,nan,nan,2121949.9999999995,0.212195,nan,nan,nan,nan,0.5,0.2,30.0,100 V,2.0,False,1
3.6188,-0.0023,nan,-4.600821,2000356.956521739,nan,nan,nan,nan,nan,nan,0.5,0.2,30.0,100 V,2.0,False,1
3.6334,nan,0.0001,nan,nan,2110890.0,0.211089,nan,nan,nan,nan,0.5,0.2,30.0,100 V,2.0,False,1
3.6481,-0.0024,nan,-4.765733,1985722.0833333335,nan,nan,nan,nan,nan,nan,0.5,0.2,30.0,100 V,2.0,False,1
3.6627,nan,0.0001,nan,nan,2096509.9999999998,0.209651,nan,nan,nan,nan,0.5,0.2,30.0,100 V,2.0,False,1
3.6775,-0.0024999999999999996,nan,-4.930368,1972147.2,nan,nan,nan,nan,nan,nan,0.5,0.2,30.0,100 V,2.0,False,1
3.6921,nan,0.0001,nan,nan,2083240.0,0.208324,nan,nan,nan,nan,0.5,0.2,30.0,100 V,2.0,False,1
3.7068,-0.0025999999999999994,nan,-5.098265,1960871.153846154,nan,nan,nan,nan,nan,nan,0.5,0.2,30.0,100 V,2.0,False,1
3.7215,nan,0.0001,nan,nan,2064989.9999999998,0.206499,nan,nan,nan,nan,0.5,0.2,30.0,100 V,2.0,False,1
3.7362,-0.0026999999999999993,nan,-5.26373,1949529.6296296301,nan,nan,nan,nan,nan,nan,0.5,0.2,30.0,100 V,2.0,False,1
3.7509,nan,0.0001,nan,nan,2056139.9999999998,0.205614,nan,nan,nan,nan,0.5,0.2,30.0,100 V,2.0,False,1
3.7657,-0.002799999999999999,nan,-5.428309,1938681.7857142861,nan,nan,nan,nan,nan,nan,0.5,0.2,30.0,100 V,2.0,False,1
3.7803,nan,0.0001,nan,nan,2041209.9999999998,0.204121,nan,nan,nan,nan,0.5,0.2,30.0,100 V,2.0,False,1
3.7950,-0.002899999999999999,nan,-5.594769,1929230.6896551733,nan,nan,nan,nan,nan,nan,0.5,0.2,30.0,100 V,2.0,False,1
3.8096,nan,0.0001,nan,nan,2027379.9999999998,0.202738,nan,nan,nan,nan,0.5,0.2,30.0,100 V,2.0,False,1
3.8243,-0.0029999999999999988,nan,-5.759017,1919672.3333333342,nan,nan,nan,nan,nan,nan,0.5,0.2,30.0,100 V,2.0,False,1
3.8389,nan,0.0001,nan,nan,2014110.0,0.201411,nan,nan,nan,nan,0.5,0.2,30.0,100 V,2.0,False,1
3.8535,-0.0030999999999999986,nan,-5.930398,1913031.6129032266,nan,nan,nan,nan,nan,nan,0.5,0.2,30.0,100 V,2.0,False,1
3.8682,nan,0.0001,nan,nan,2005260.0,0.200526,nan,nan,nan,nan,0.5,0.2,30.0,100 V,2.0,False,1
3.8829,-0.0031999999999999984,nan,-6.105762,1908050.625000001,nan,nan,nan,nan,nan,nan,0.5,0.2,30.0,100 V,2.0,False,1
3.8975,nan,0.0001,nan,nan,2000840.0,0.200084,nan,nan,nan,nan,0.5,0.2,30.0,100 V,2.0,False,1
3.9122,-0.0032999999999999982,nan,-6.283615,1904125.7575757585,nan,nan,nan,nan,nan,nan,0.5,0.2,30.0,100 V,2.0,False,1
3.9269,nan,0.0001,nan,nan,1987559.9999999998,0.198756,nan,nan,nan,nan,0.5,0.2,30.0,100 V,2.0,False,1
3.9415,-0.003399999999999998,nan,-6.465614,1901651.1764705896,nan,nan,nan,nan,nan,nan,0.5,0.2,30.0,100 V,2.0,False,1
3.9562,nan,0.0001,nan,nan,1982029.9999999998,0.198203,nan,nan,nan,nan,0.5,0.2,30.0,100 V,2.0,False,1
3.9710,-0.003499999999999998,nan,-6.656297,1901799.1428571441,nan,nan,nan,nan,nan,nan,0.5,0.2,30.0,100 V,2.0,False,1
3.9856,nan,0.0001,nan,nan,1975949.9999999998,0.197595,nan,nan,nan,nan,0.5,0.2,30.0,100 V,2.0,False,1
4.0003,-0.0035999999999999977,nan,-6.859256,1905348.8888888902,nan,nan,nan,nan,nan,nan,0.5,0.2,30.0,100 V,2.0,False,1
4.0149,nan,0.0001,nan,nan,1977059.9999999998,0.197706,nan,nan,nan,nan,0.5,0.2,30.0,100 V,2.0,False,1
4.0297,-0.0036999999999999976,nan,-7.095175,1917614.8648648662,nan,nan,nan,nan,nan,nan,0.5,0.2,30.0,100 V,2.0,False,1
4.0443,nan,0.0001,nan,nan,1967649.9999999998,0.196765,nan,nan,nan,nan,0.5,0.2,30.0,100 V,2.0,False,1
4.0590,-0.0037999999999999974,nan,-7.391319,1945083.9473684223,nan,nan,nan,nan,nan,nan,0.5,0.2,30.0,100 V,2.0,False,1
4.0737,nan,0.0001,nan,nan,1990329.9999999998,0.199033,nan,nan,nan,nan,0.5,0.2,30.0,100 V,2.0,False,1
4.0884,-0.0038999999999999972,nan,-7.712735,1977624.3589743604,nan,nan,nan,nan,nan,nan,0.5,0.2,30.0,100 V,2.0,False,1
4.1031,nan,0.0001,nan,nan,2000280.0,0.200028,nan,nan,nan,nan,0.5,0.2,30.0,100 V,2.0,False,1
4.1178,-0.0039999999999999975,nan,-8.032548,2008137.0000000014,nan,nan,nan,nan,nan,nan,0.5,0.2,30.0,100 V,2.0,False,1
4.1325,nan,0.0001,nan,nan,2011900.0,0.20119,nan,nan,nan,nan,0.5,0.2,30.0,100 V,2.0,False,1
4.1473,-0.004099999999999998,nan,-8.332344,2032279.024390245,nan,nan,nan,nan,nan,nan,0.5,0.2,30.0,100 V,2.0,False,1
4.1620,nan,0.0001,nan,nan,2039549.9999999998,0.203955,nan,nan,nan,nan,0.5,0.2,30.0,100 V,2.0,False,1
4.1767,-0.004199999999999998,nan,-8.611897,2050451.666666668,nan,nan,nan,nan,nan,nan,0.5,0.2,30.0,100 V,2.0,False,1
4.1915,nan,0.0001,nan,nan,2047289.9999999998,0.204729,nan,nan,nan,nan,0.5,0.2,30.0,100 V,2.0,False,1
4.2062,-0.004299999999999998,nan,-8.87967,2065039.5348837217,nan,nan,nan,nan,nan,nan,0.5,0.2,30.0,100 V,2.0,False,1
4.2209,nan,0.0001,nan,nan,2050049.9999999998,0.205005,nan,nan,nan,nan,0.5,0.2,30.0,100 V,2.0,False,1
4.2356,-0.0043999999999999985,nan,-9.142079,2077745.2272727282,nan,nan,nan,nan,nan,nan,0.5,0.2,30.0,100 V,2.0,False,1
4.2502,nan,0.0001,nan,nan,2057799.9999999998,0.20578,nan,nan,nan,nan,0.5,0.2,30.0,100 V,2.0,False,1
4.2649,-0.004499999999999999,nan,-9.414497,2092110.444444445,nan,nan,nan,nan,nan,nan,0.5,0.2,30.0,100 V,2.0,False,1
4.2796,nan,0.0001,nan,nan,2062769.9999999998,0.206277,nan,nan,nan,nan,0.5,0.2,30.0,100 V,2.0,False,1
4.2943,-0.004599999999999999,nan,-9.673865,2103014.1304347827,nan,nan,nan,nan,nan,nan,0.5,0.2,30.0,100 V,2.0,False,1
4.3090,nan,0.0001,nan,nan,2065539.9999999998,0.206554,nan,nan,nan,nan,0.5,0.2,30.0,100 V,2.0,False,1
4.3237,-0.004699999999999999,nan,-9.93644,2114136.170212766,nan,nan,nan,nan,nan,nan,0.5,0.2,30.0,100 V,2.0,False,1
4.3384,nan,0.0001,nan,nan,2063329.9999999998,0.206333,nan,nan,nan,nan,0.5,0.2,30.0,100 V,2.0,False,1
4.3531,-0.0048,nan,-10.199955,2124990.625,nan,nan,nan,nan,nan,nan,0.5,0.2,30.0,100 V,2.0,False,1
4.3678,nan,0.0001,nan,nan,2056689.9999999998,0.205669,nan,nan,nan,nan,0.5,0.2,30.0,100 V,2.0,False,1
4.3825,-0.0049,nan,-10.451085,2132874.4897959186,nan,nan,nan,nan,nan,nan,0.5,0.2,30.0,100 V,2.0,False,1
4.3971,nan,0.0001,nan,nan,2055029.9999999998,0.205503,nan,nan,nan,nan,0.5,0.2,30.0,100 V,2.0,False,1
4.4118,-0.005,nan,-10.707908,2141581.5999999996,nan,nan,nan,nan,nan,nan,0.5,0.2,30.0,100 V,2.0,False,1
4.4264,nan,0.0001,nan,nan,2048399.9999999998,0.20484,nan,nan,nan,nan,0.5,0.2,30.0,100 V,2.0,False,1
4.4411,-0.0049,nan,-10.572252,2157602.448979592,nan,nan,nan,nan,nan,nan,0.5,0.2,30.0,100 V,2.0,False,1
4.4558,nan,0.0001,nan,nan,2054479.9999999998,0.205448,nan,nan,nan,nan,0.5,0.2,30.0,100 V,2.0,False,1
4.4704,-0.0048,nan,-10.420724,2170984.1666666665,nan,nan,nan,nan,nan,nan,0.5,0.2,30.0,100 V,2.0,False,1
4.4849,nan,0.0001,nan,nan,2048399.9999999998,0.20484,nan,nan,nan,nan,0.5,0.2,30.0,100 V,2.0,False,1
4.4996,-0.004699999999999999,nan,-10.251165,2181098.9361702134,nan,nan,nan,nan,nan,nan,0.5,0.2,30.0,100 V,2.0,False,1
4.5142,nan,0.0001,nan,nan,2053929.9999999998,0.205393,nan,nan,nan,nan,0.5,0.2,30.0,100 V,2.0,False,1
4.5288,-0.004599999999999999,nan,-10.081608,2191653.9130434785,nan,nan,nan,nan,nan,nan,0.5,0.2,30.0,100 V,2.0,False,1
4.5435,nan,0.0001,nan,nan,2051159.9999999998,0.205116,nan,nan,nan,nan,0.5,0.2,30.0,100 V,2.0,False,1
4.5583,-0.004499999999999999,nan,-9.902761,2200613.555555556,nan,nan,nan,nan,nan,nan,0.5,0.2,30.0,100 V,2.0,False,1
4.5730,nan,0.0001,nan,nan,2063329.9999999998,0.206333,nan,nan,nan,nan,0.5,0.2,30.0,100 V,2.0,False,1
4.5876,-0.0043999999999999985,nan,-9.717996,2208635.454545455,nan,nan,nan,nan,nan,nan,0.5,0.2,30.0,100 V,2.0,False,1
4.6022,nan,0.0001,nan,nan,2051159.9999999998,0.205116,nan,nan,nan,nan,0.5,0.2,30.0,100 V,2.0,False,1
4.6170,-0.004299999999999998,nan,-9.53019,2216323.255813954,nan,nan,nan,nan,nan,nan,0.5,0.2,30.0,100 V,2.0,False,1
4.6317,nan,0.0001,nan,nan,2070520.0,0.207052,nan,nan,nan,nan,0.5,0.2,30.0,100 V,2.0,False,1
4.6464,-0.004199999999999998,nan,-9.339287,2223639.761904763,nan,nan,nan,nan,nan,nan,0.5,0.2,30.0,100 V,2.0,False,1
4.6610,nan,0.0001,nan,nan,2076600.0,0.20766,nan,nan,nan,nan,0.5,0.2,30.0,100 V,2.0,False,1
4.6756,-0.004099999999999998,nan,-9.145232,2230544.3902439037,nan,nan,nan,nan,nan,nan,0.5,0.2,30.0,100 V,2.0,False,1
4.6903,nan,0.0001,nan,nan,2082680.0,0.208268,nan,nan,nan,nan,0.5,0.2,30.0,100 V,2.0,False,1
4.7049,-0.0039999999999999975,nan,-8.948632,2237158.0000000014,nan,nan,nan,nan,nan,nan,0.5,0.2,30.0,100 V,2.0,False,1
4.7195,nan,0.0001,nan,nan,2084890.0,0.208489,nan,nan,nan,nan,0.5,0.2,30.0,100 V,2.0,False,1
4.7342,-0.0038999999999999977,nan,-8.750208,2243643.0769230784,nan,nan,nan,nan,nan,nan,0.5,0.2,30.0,100 V,2.0,False,1
4.7488,nan,0.0001,nan,nan,2097059.9999999998,0.209706,nan,nan,nan,nan,0.5,0.2,30.0,100 V,2.0,False,1
4.7636,-0.003799999999999998,nan,-8.54476,2248621.0526315803,nan,nan,nan,nan,nan,nan,0.5,0.2,30.0,100 V,2.0,False,1
4.7782,nan,0.0001,nan,nan,2102040.0,0.210204,nan,nan,nan,nan,0.5,0.2,30.0,100 V,2.0,False,1
4.7929,-0.003699999999999998,nan,-8.344013,2255138.64864865,nan,nan,nan,nan,nan,nan,0.5,0.2,30.0,100 V,2.0,False,1
4.8075,nan,0.0001,nan,nan,2109780.0,0.210978,nan,nan,nan,nan,0.5,0.2,30.0,100 V,2.0,False,1
4.8222,-0.003599999999999998,nan,-8.139724,2261034.4444444454,nan,nan,nan,nan,nan,nan,0.5,0.2,30.0,100 V,2.0,False,1
4.8369,nan,0.0001,nan,nan,2120839.9999999995,0.212084,nan,nan,nan,nan,0.5,0.2,30.0,100 V,2.0,False,1
4.8517,-0.0034999999999999983,nan,-7.93317,2266620.000000001,nan,nan,nan,nan,nan,nan,0.5,0.2,30.0,100 V,2.0,False,1
4.8663,nan,0.0001,nan,nan,2126369.9999999995,0.212637,nan,nan,nan,nan,0.5,0.2,30.0,100 V,2.0,False,1
4.8810,-0.0033999999999999985,nan,-7.72645,2272485.2941176477,nan,nan,nan,nan,nan,nan,0.5,0.2,30.0,100 V,2.0,False,1
4.8956,nan,0.0001,nan,nan,2140749.9999999995,0.214075,nan,nan,nan,nan,0.5,0.2,30.0,100 V,2.0,False,1
4.9103,-0.0032999999999999987,nan,-7.515362,2277382.424242425,nan,nan,nan,nan,nan,nan,0.5,0.2,30.0,100 V,2.0,False,1
4.9249,nan,0.0001,nan,nan,2145170.0,0.214517,nan,nan,nan,nan,0.5,0.2,30.0,100 V,2.0,False,1
4.9396,-0.003199999999999999,nan,-7.304771,2282740.9375000005,nan,nan,nan,nan,nan,nan,0.5,0.2,30.0,100 V,2.0,False,1
4.9543,nan,0.0001,nan,nan,2150700.0,0.21507,nan,nan,nan,nan,0.5,0.2,30.0,100 V,2.0,False,1
4.9690,-0.003099999999999999,nan,-7.093461,2288213.2258064523,nan,nan,nan,nan,nan,nan,0.5,0.2,30.0,100 V,2.0,False,1
4.9836,nan,0.0001,nan,nan,2157340.0,0.215734,nan,nan,nan,nan,0.5,0.2,30.0,100 V,2.0,False,1
4.9982,-0.002999999999999999,nan,-6.882704,2294234.6666666674,nan,nan,nan,nan,nan,nan,0.5,0.2,30.0,100 V,2.0,False,1
5.0128,nan,0.0001,nan,nan,2165080.0,0.216508,nan,nan,nan,nan,0.5,0.2,30.0,100 V,2.0,False,1
5.0275,-0.0028999999999999994,nan,-6.670011,2300003.7931034486,nan,nan,nan,nan,nan,nan,0.5,0.2,30.0,100 V,2.0,False,1
5.0421,nan,0.0001,nan,nan,2171720.0,0.217172,nan,nan,nan,nan,0.5,0.2,30.0,100 V,2.0,False,1
5.0567,-0.0027999999999999995,nan,-6.45566,2305592.8571428577,nan,nan,nan,nan,nan,nan,0.5,0.2,30.0,100 V,2.0,False,1
5.0714,nan,0.0001,nan,nan,2179460.0,0.217946,nan,nan,nan,nan,0.5,0.2,30.0,100 V,2.0,False,1
5.0860,-0.0026999999999999997,nan,-6.239539,2310940.370370371,nan,nan,nan,nan,nan,nan,0.5,0.2,30.0,100 V,2.0,False,1
5.1007,nan,0.0001,nan,nan,2186100.0,0.21861,nan,nan,nan,nan,0.5,0.2,30.0,100 V,2.0,False,1
5.1155,-0.0026,nan,-6.02314,2316592.3076923075,nan,nan,nan,nan,nan,nan,0.5,0.2,30.0,100 V,2.0,False,1
5.1301,nan,0.0001,nan,nan,2193839.9999999995,0.219384,nan,nan,nan,nan,0.5,0.2,30.0,100 V,2.0,False,1
5.1447,-0.0025,nan,-5.807019,2322807.6,nan,nan,nan,nan,nan,nan,0.5,0.2,30.0,100 V,2.0,False,1
5.1593,nan,0.0001,nan,nan,2197159.9999999995,0.219716,nan,nan,nan,nan,0.5,0.2,30.0,100 V,2.0,False,1
5.1739,-0.0024000000000000002,nan,-5.592059,2330024.583333333,nan,nan,nan,nan,nan,nan,0.5,0.2,30.0,100 V,2.0,False,1
5.1885,nan,0.0001,nan,nan,2207109.9999999995,0.220711,nan,nan,nan,nan,0.5,0.2,30.0,100 V,2.0,False,1
5.2033,-0.0023000000000000004,nan,-5.370076,2334815.6521739126,nan,nan,nan,nan,nan,nan,0.5,0.2,30.0,100 V,2.0,False,1
5.2179,nan,0.0001,nan,nan,2213199.9999999995,0.22132,nan,nan,nan,nan,0.5,0.2,30.0,100 V,2.0,False,1
5.2326,-0.0022000000000000006,nan,-5.15224,2341927.272727272,nan,nan,nan,nan,nan,nan,0.5,0.2,30.0,100 V,2.0,False,1
5.2473,nan,0.0001,nan,nan,2221490.0,0.222149,nan,nan,nan,nan,0.5,0.2,30.0,100 V,2.0,False,1
5.2620,-0.0021000000000000007,nan,-4.930257,2347741.4285714277,nan,nan,nan,nan,nan,nan,0.5,0.2,30.0,100 V,2.0,False,1
5.2768,nan,0.0001,nan,nan,2227020.0,0.222702,nan,nan,nan,nan,0.5,0.2,30.0,100 V,2.0,False,1
5.2915,-0.002000000000000001,nan,-4.705343,2352671.499999999,nan,nan,nan,nan,nan,nan,0.5,0.2,30.0,100 V,2.0,False,1
5.3061,nan,0.0001,nan,nan,2230890.0,0.223089,nan,nan,nan,nan,0.5,0.2,30.0,100 V,2.0,False,1
5.3207,-0.0019000000000000009,nan,-4.483028,2359488.4210526305,nan,nan,nan,nan,nan,nan,0.5,0.2,30.0,100 V,2.0,False,1
5.3354,nan,0.0001,nan,nan,2241950.0,0.224195,nan,nan,nan,nan,0.5,0.2,30.0,100 V,2.0,False,1
5.3501,-0.0018000000000000008,nan,-4.260657,2367031.6666666656,nan,nan,nan,nan,nan,nan,0.5,0.2,30.0,100 V,2.0,False,1
5.3648,nan,0.0001,nan,nan,2250800.0,0.22508,nan,nan,nan,nan,0.5,0.2,30.0,100 V,2.0,False,1
5.3795,-0.0017000000000000008,nan,-4.034248,2373087.0588235282,nan,nan,nan,nan,nan,nan,0.5,0.2,30.0,100 V,2.0,False,1
5.3942,nan,0.0001,nan,nan,2254120.0,0.225412,nan,nan,nan,nan,0.5,0.2,30.0,100 V,2.0,False,1
5.4089,-0.0016000000000000007,nan,-3.804191,2377619.3749999986,nan,nan,nan,nan,nan,nan,0.5,0.2,30.0,100 V,2.0,False,1
5.4236,nan,0.0001,nan,nan,2260760.0,0.226076,nan,nan,nan,nan,0.5,0.2,30.0,100 V,2.0,False,1
5.4383,-0.0015000000000000007,nan,-3.571423,2380948.6666666656,nan,nan,nan,nan,nan,nan,0.5,0.2,30.0,100 V,2.0,False,1
5.4530,nan,0.0001,nan,nan,2263520.0,0.226352,nan,nan,nan,nan,0.5,0.2,30.0,100 V,2.0,False,1
5.4677,-0.0014000000000000006,nan,-3.341366,2386689.999999999,nan,nan,nan,nan,nan,nan,0.5,0.2,30.0,100 V,2.0,False,1
5.4825,nan,0.0001,nan,nan,2275129.9999999995,0.227513,nan,nan,nan,nan,0.5,0.2,30.0,100 V,2.0,False,1
5.4972,-0.0013000000000000006,nan,-3.110866,2392973.846153845,nan,nan,nan,nan,nan,nan,0.5,0.2,30.0,100 V,2.0,False,1
5.5119,nan,0.0001,nan,nan,2274579.9999999995,0.227458,nan,nan,nan,nan,0.5,0.2,30.0,100 V,2.0,False,1
5.5266,-0.0012000000000000005,nan,-2.874173,2395144.1666666656,nan,nan,nan,nan,nan,nan,0.5,0.2,30.0,100 V,2.0,False,1
5.5413,nan,0.0001,nan,nan,2286749.9999999995,0.228675,nan,nan,nan,nan,0.5,0.2,30.0,100 V,2.0,False,1
5.5560,-0.0011000000000000005,nan,-2.639138,2399216.3636363624,nan,nan,nan,nan,nan,nan,0.5,0.2,30.0,100 V,2.0,False,1
5.5707,nan,0.0001,nan,nan,2292829.9999999995,0.229283,nan,nan,nan,nan,0.5,0.2,30.0,100 V,2.0,False,1
5.5854,-0.0010000000000000005,nan,-2.404601,2404600.999999999,nan,nan,nan,nan,nan,nan,0.5,0.2,30.0,100 V,2.0,False,1
5.6001,nan,0.0001,nan,nan,2297810.0,0.229781,nan,nan,nan,nan,0.5,0.2,30.0,100 V,2.0,False,1
5.6147,-0.0009000000000000004,nan,-2.167742,2408602.222222221,nan,nan,nan,nan,nan,nan,0.5,0.2,30.0,100 V,2.0,False,1
5.6294,nan,0.0001,nan,nan,2306660.0,0.230666,nan,nan,nan,nan,0.5,0.2,30.0,100 V,2.0,False,1
5.6441,-0.0008000000000000004,nan,-1.927728,2409659.999999999,nan,nan,nan,nan,nan,nan,0.5,0.2,30.0,100 V,2.0,False,1
5.6587,nan,0.0001,nan,nan,2317720.0,0.231772,nan,nan,nan,nan,0.5,0.2,30.0,100 V,2.0,False,1
5.6735,-0.0007000000000000003,nan,-1.689209,2413155.714285713,nan,nan,nan,nan,nan,nan,0.5,0.2,30.0,100 V,2.0,False,1
5.6881,nan,0.0001,nan,nan,2317720.0,0.231772,nan,nan,nan,nan,0.5,0.2,30.0,100 V,2.0,False,1
5.7029,-0.0006000000000000003,nan,-1.449253,2415421.666666665,nan,nan,nan,nan,nan,nan,0.5,0.2,30.0,100 V,2.0,False,1
5.7176,nan,0.0001,nan,nan,2325460.0,0.232546,nan,nan,nan,nan,0.5,0.2,30.0,100 V,2.0,False,1
5.7324,-0.0005000000000000002,nan,-1.210126,2420251.999999999,nan,nan,nan,nan,nan,nan,0.5,0.2,30.0,100 V,2.0,False,1
5.7471,nan,0.0001,nan,nan,2333750.0,0.233375,nan,nan,nan,nan,0.5,0.2,30.0,100 V,2.0,False,1
5.7619,-0.00040000000000000024,nan,-0.968785,2421962.4999999986,nan,nan,nan,nan,nan,nan,0.5,0.2,30.0,100 V,2.0,False,1
5.7765,nan,0.0001,nan,nan,2341499.9999999995,0.23415,nan,nan,nan,nan,0.5,0.2,30.0,100 V,2.0,False,1
5.7913,-0.00030000000000000024,nan,-0.726893,2422976.6666666646,nan,nan,nan,nan,nan,nan,0.5,0.2,30.0,100 V,2.0,False,1
5.8059,nan,0.0001,nan,nan,2351449.9999999995,0.235145,nan,nan,nan,nan,0.5,0.2,30.0,100 V,2.0,False,1
5.8207,-0.00020000000000000025,nan,-0.48583,2429149.9999999967,nan,nan,nan,nan,nan,nan,0.5,0.2,30.0,100 V,2.0,False,1
5.8353,nan,0.0001,nan,nan,2357529.9999999995,0.235753,nan,nan,nan,nan,0.5,0.2,30.0,100 V,2.0,False,1
5.8500,-0.00010000000000000025,nan,-0.243164,2431639.999999994,nan,nan,nan,nan,nan,nan,0.5,0.2,30.0,100 V,2.0,False,1
5.8648,nan,0.0001,nan,nan,2365829.9999999995,0.236583,nan,nan,nan,nan,0.5,0.2,30.0,100 V,2.0,False,1
5.8796,-2.439454888092385e-19,nan,0.237634,-9.741274624915323e+20,nan,nan,nan,nan,nan,nan,0.5,0.2,30.0,100 V,2.0,False,1
5.8944,nan,0.0001,nan,nan,2381870.0,0.238187,nan,nan,nan,nan,0.5,0.2,30.0,100 V,2.0,False,1
5.9091,9.999999999999976e-05,nan,0.238463,2384630.000000006,nan,nan,nan,nan,nan,nan,0.5,0.2,30.0,100 V,2.0,False,1
5.9237,nan,0.0001,nan,nan,2386290.0,0.238629,nan,nan,nan,nan,0.5,0.2,30.0,100 V,2.0,False,1
5.9383,0.00019999999999999977,nan,0.476927,2384635.000000003,nan,nan,nan,nan,nan,nan,0.5,0.2,30.0,100 V,2.0,False,1
5.9530,nan,0.0001,nan,nan,2392930.0,0.239293,nan,nan,nan,nan,0.5,0.2,30.0,100 V,2.0,False,1
5.9677,0.00029999999999999976,nan,0.713288,2377626.6666666684,nan,nan,nan,nan,nan,nan,0.5,0.2,30.0,100 V,2.0,False,1
5.9824,nan,0.0001,nan,nan,2400120.0,0.240012,nan,nan,nan,nan,0.5,0.2,30.0,100 V,2.0,False,1
5.9971,0.00039999999999999975,nan,0.948157,2370392.5000000014,nan,nan,nan,nan,nan,nan,0.5,0.2,30.0,100 V,2.0,False,1
6.0117,nan,0.0001,nan,nan,2411730.0,0.241173,nan,nan,nan,nan,0.5,0.2,30.0,100 V,2.0,False,1
6.0264,0.0004999999999999998,nan,1.183523,2367046.0000000014,nan,nan,nan,nan,nan,nan,0.5,0.2,30.0,100 V,2.0,False,1
6.0411,nan,0.0001,nan,nan,2415599.9999999995,0.24156,nan,nan,nan,nan,0.5,0.2,30.0,100 V,2.0,False,1
6.0558,0.0005999999999999998,nan,1.416844,2361406.666666667,nan,nan,nan,nan,nan,nan,0.5,0.2,30.0,100 V,2.0,False,1
6.0705,nan,0.0001,nan,nan,2428869.9999999995,0.242887,nan,nan,nan,nan,0.5,0.2,30.0,100 V,2.0,False,1
6.0852,0.0006999999999999999,nan,1.650385,2357692.8571428577,nan,nan,nan,nan,nan,nan,0.5,0.2,30.0,100 V,2.0,False,1
6.0999,nan,0.0001,nan,nan,2438829.9999999995,0.243883,nan,nan,nan,nan,0.5,0.2,30.0,100 V,2.0,False,1
6.1144,0.0007999999999999999,nan,1.882599,2353248.75,nan,nan,nan,nan,nan,nan,0.5,0.2,30.0,100 V,2.0,False,1
6.1291,nan,0.0001,nan,nan,2451000.0,0.2451,nan,nan,nan,nan,0.5,0.2,30.0,100 V,2.0,False,1
6.1437,0.0009,nan,2.114926,2349917.777777778,nan,nan,nan,nan,nan,nan,0.5,0.2,30.0,100 V,2.0,False,1
6.1583,nan,0.0001,nan,nan,2464270.0,0.246427,nan,nan,nan,nan,0.5,0.2,30.0,100 V,2.0,False,1
6.1730,0.001,nan,2.346753,2346753.0,nan,nan,nan,nan,nan,nan,0.5,0.2,30.0,100 V,2.0,False,1
6.1877,nan,0.0001,nan,nan,2472560.0,0.247256,nan,nan,nan,nan,0.5,0.2,30.0,100 V,2.0,False,1
6.2023,0.0011,nan,2.576257,2342051.818181818,nan,nan,nan,nan,nan,nan,0.5,0.2,30.0,100 V,2.0,False,1
6.2170,nan,0.0001,nan,nan,2481970.0,0.248197,nan,nan,nan,nan,0.5,0.2,30.0,100 V,2.0,False,1
6.2316,0.0012000000000000001,nan,2.808693,2340577.4999999995,nan,nan,nan,nan,nan,nan,0.5,0.2,30.0,100 V,2.0,False,1
6.2463,nan,0.0001,nan,nan,2494129.9999999995,0.249413,nan,nan,nan,nan,0.5,0.2,30.0,100 V,2.0,False,1
6.2609,0.0013000000000000002,nan,3.034602,2334309.2307692305,nan,nan,nan,nan,nan,nan,0.5,0.2,30.0,100 V,2.0,False,1
6.2756,nan,0.0001,nan,nan,2501320.0,0.250132,nan,nan,nan,nan,0.5,0.2,30.0,100 V,2.0,False,1
6.2903,0.0014000000000000002,nan,3.251996,2322854.2857142854,nan,nan,nan,nan,nan,nan,0.5,0.2,30.0,100 V,2.0,False,1
6.3049,nan,0.0001,nan,nan,2508509.9999999995,0.250851,nan,nan,nan,nan,0.5,0.2,30.0,100 V,2.0,False,1
6.3196,0.0015000000000000002,nan,3.469886,2313257.333333333,nan,nan,nan,nan,nan,nan,0.5,0.2,30.0,100 V,2.0,False,1
6.3342,nan,0.0001,nan,nan,2516249.9999999995,0.251625,nan,nan,nan,nan,0.5,0.2,30.0,100 V,2.0,False,1
6.3490,0.0016000000000000003,nan,3.678487,2299054.3749999995,nan,nan,nan,nan,nan,nan,0.5,0.2,30.0,100 V,2.0,False,1
6.3637,nan,0.0001,nan,nan,2531740.0,0.253174,nan,nan,nan,nan,0.5,0.2,30.0,100 V,2.0,False,1
6.3785,0.0017000000000000003,nan,3.883824,2284602.352941176,nan,nan,nan,nan,nan,nan,0.5,0.2,30.0,100 V,2.0,False,1
6.3932,nan,0.0001,nan,nan,2543900.0,0.25439,nan,nan,nan,nan,0.5,0.2,30.0,100 V,2.0,False,1
6.4078,0.0018000000000000004,nan,4.085566,2269758.8888888885,nan,nan,nan,nan,nan,nan,0.5,0.2,30.0,100 V,2.0,False,1
6.4226,nan,0.0001,nan,nan,2548329.9999999995,0.254833,nan,nan,nan,nan,0.5,0.2,30.0,100 V,2.0,False,1
6.4372,0.0019000000000000004,nan,4.280619,2252957.368421052,nan,nan,nan,nan,nan,nan,0.5,0.2,30.0,100 V,2.0,False,1
6.4519,nan,0.0001,nan,nan,2563259.9999999995,0.256326,nan,nan,nan,nan,0.5,0.2,30.0,100 V,2.0,False,1
6.4666,0.0020000000000000005,nan,4.471965,2235982.4999999995,nan,nan,nan,nan,nan,nan,0.5,0.2,30.0,100 V,2.0,False,1
6.4813,nan,0.0001,nan,nan,2568790.0,0.256879,nan,nan,nan,nan,0.5,0.2,30.0,100 V,2.0,False,1
6.4960,0.0021000000000000003,nan,4.657228,2217727.619047619,nan,nan,nan,nan,nan,nan,0.5,0.2,30.0,100 V,2.0,False,1
6.5107,nan,0.0001,nan,nan,2582059.9999999995,0.258206,nan,nan,nan,nan,0.5,0.2,30.0,100 V,2.0,False,1
6.5253,0.0022,nan,4.840997,2200453.1818181816,nan,nan,nan,nan,nan,nan,0.5,0.2,30.0,100 V,2.0,False,1
6.5400,nan,0.0001,nan,nan,2586490.0,0.258649,nan,nan,nan,nan,0.5,0.2,30.0,100 V,2.0,False,1
6.5546,0.0023,nan,5.026868,2185594.782608696,nan,nan,nan,nan,nan,nan,0.5,0.2,30.0,100 V,2.0,False,1
6.5694,nan,0.0001,nan,nan,2613579.9999999995,0.261358,nan,nan,nan,nan,0.5,0.2,30.0,100 V,2.0,False,1
6.5839,0.0024,nan,5.203669,2168195.4166666665,nan,nan,nan,nan,nan,nan,0.5,0.2,30.0,100 V,2.0,False,1
6.5986,nan,0.0001,nan,nan,2616899.9999999995,0.26169,nan,nan,nan,nan,0.5,0.2,30.0,100 V,2.0,False,1
6.6133,0.0024999999999999996,nan,5.381687,2152674.8000000003,nan,nan,nan,nan,nan,nan,0.5,0.2,30.0,100 V,2.0,False,1
6.6280,nan,0.0001,nan,nan,2629070.0,0.262907,nan,nan,nan,nan,0.5,0.2,30.0,100 V,2.0,False,1
6.6427,0.0025999999999999994,nan,5.557991,2137688.8461538465,nan,nan,nan,nan,nan,nan,0.5,0.2,30.0,100 V,2.0,False,1
6.6573,nan,0.0001,nan,nan,2647320.0,0.264732,nan,nan,nan,nan,0.5,0.2,30.0,100 V,2.0,False,1
6.6720,0.0026999999999999993,nan,5.736672,2124693.333333334,nan,nan,nan,nan,nan,nan,0.5,0.2,30.0,100 V,2.0,False,1
6.6867,nan,0.0001,nan,nan,2662800.0,0.26628,nan,nan,nan,nan,0.5,0.2,30.0,100 V,2.0,False,1
6.7014,0.002799999999999999,nan,5.906893,2109604.6428571437,nan,nan,nan,nan,nan,nan,0.5,0.2,30.0,100 V,2.0,False,1
6.7160,nan,0.0001,nan,nan,2672200.0,0.26722,nan,nan,nan,nan,0.5,0.2,30.0,100 V,2.0,False,1
6.7307,0.002899999999999999,nan,6.081427,2097043.793103449,nan,nan,nan,nan,nan,nan,0.5,0.2,30.0,100 V,2.0,False,1
6.7455,nan,0.0001,nan,nan,2684920.0,0.268492,nan,nan,nan,nan,0.5,0.2,30.0,100 V,2.0,False,1
6.7601,0.0029999999999999988,nan,6.253361,2084453.6666666674,nan,nan,nan,nan,nan,nan,0.5,0.2,30.0,100 V,2.0,False,1
6.7748,nan,0.0001,nan,nan,2692669.9999999995,0.269267,nan,nan,nan,nan,0.5,0.2,30.0,100 V,2.0,False,1
6.7895,0.0030999999999999986,nan,6.428009,2073551.2903225815,nan,nan,nan,nan,nan,nan,0.5,0.2,30.0,100 V,2.0,False,1
6.8042,nan,0.0001,nan,nan,2706489.9999999995,0.270649,nan,nan,nan,nan,0.5,0.2,30.0,100 V,2.0,False,1
6.8188,0.0031999999999999984,nan,6.598616,2062067.500000001,nan,nan,nan,nan,nan,nan,0.5,0.2,30.0,100 V,2.0,False,1
6.8335,nan,0.0001,nan,nan,2702620.0,0.270262,nan,nan,nan,nan,0.5,0.2,30.0,100 V,2.0,False,1
6.8484,0.0032999999999999982,nan,6.766625,2050492.4242424252,nan,nan,nan,nan,nan,nan,0.5,0.2,30.0,100 V,2.0,False,1
6.8632,nan,0.0001,nan,nan,2717550.0,0.271755,nan,nan,nan,nan,0.5,0.2,30.0,100 V,2.0,False,1
6.8779,0.003399999999999998,nan,6.941546,2041631.1764705894,nan,nan,nan,nan,nan,nan,0.5,0.2,30.0,100 V,2.0,False,1
6.8926,nan,0.0001,nan,nan,2736359.9999999995,0.273636,nan,nan,nan,nan,0.5,0.2,30.0,100 V,2.0,False,1
6.9072,0.003499999999999998,nan,7.115139,2032896.8571428584,nan,nan,nan,nan,nan,nan,0.5,0.2,30.0,100 V,2.0,False,1
6.9218,nan,0.0001,nan,nan,2744650.0,0.274465,nan,nan,nan,nan,0.5,0.2,30.0,100 V,2.0,False,1
6.9364,0.0035999999999999977,nan,7.289507,2024863.055555557,nan,nan,nan,nan,nan,nan,0.5,0.2,30.0,100 V,2.0,False,1
6.9512,nan,0.0001,nan,nan,2757919.9999999995,0.275792,nan,nan,nan,nan,0.5,0.2,30.0,100 V,2.0,False,1
6.9658,0.0036999999999999976,nan,7.460668,2016396.756756758,nan,nan,nan,nan,nan,nan,0.5,0.2,30.0,100 V,2.0,False,1
6.9805,nan,0.0001,nan,nan,2759579.9999999995,0.275958,nan,nan,nan,nan,0.5,0.2,30.0,100 V,2.0,False,1
6.9951,0.0037999999999999974,nan,7.638465,2010122.368421054,nan,nan,nan,nan,nan,nan,0.5,0.2,30.0,100 V,2.0,False,1
7.0098,nan,0.0001,nan,nan,2764010.0,0.276401,nan,nan,nan,nan,0.5,0.2,30.0,100 V,2.0,False,1
7.0244,0.0038999999999999972,nan,7.819082,2004892.820512822,nan,nan,nan,nan,nan,nan,0.5,0.2,30.0,100 V,2.0,False,1
7.0391,nan,0.0001,nan,nan,2796080.0,0.279608,nan,nan,nan,nan,0.5,0.2,30.0,100 V,2.0,False,1
7.0537,0.0039999999999999975,nan,8.001579,2000394.7500000012,nan,nan,nan,nan,nan,nan,0.5,0.2,30.0,100 V,2.0,False,1
7.0684,nan,0.0001,nan,nan,2793320.0,0.279332,nan,nan,nan,nan,0.5,0.2,30.0,100 V,2.0,False,1
7.0830,0.004099999999999998,nan,8.185017,1996345.6097560986,nan,nan,nan,nan,nan,nan,0.5,0.2,30.0,100 V,2.0,False,1
7.0977,nan,0.0001,nan,nan,2805480.0,0.280548,nan,nan,nan,nan,0.5,0.2,30.0,100 V,2.0,False,1
7.1123,0.004199999999999998,nan,8.380178,1995280.4761904774,nan,nan,nan,nan,nan,nan,0.5,0.2,30.0,100 V,2.0,False,1
7.1270,nan,0.0001,nan,nan,2820409.9999999995,0.282041,nan,nan,nan,nan,0.5,0.2,30.0,100 V,2.0,False,1
7.1417,0.004299999999999998,nan,8.570586,1993159.5348837217,nan,nan,nan,nan,nan,nan,0.5,0.2,30.0,100 V,2.0,False,1
7.1564,nan,0.0001,nan,nan,2824840.0,0.282484,nan,nan,nan,nan,0.5,0.2,30.0,100 V,2.0,False,1
7.1710,0.0043999999999999985,nan,8.780181,1995495.6818181826,nan,nan,nan,nan,nan,nan,0.5,0.2,30.0,100 V,2.0,False,1
7.1857,nan,0.0001,nan,nan,2859679.9999999995,0.285968,nan,nan,nan,nan,0.5,0.2,30.0,100 V,2.0,False,1
7.2004,0.004499999999999999,nan,9.006312,2001402.666666667,nan,nan,nan,nan,nan,nan,0.5,0.2,30.0,100 V,2.0,False,1
7.2151,nan,0.0001,nan,nan,2884010.0,0.288401,nan,nan,nan,nan,0.5,0.2,30.0,100 V,2.0,False,1
7.2297,0.004599999999999999,nan,9.267781,2014735.0000000002,nan,nan,nan,nan,nan,nan,0.5,0.2,30.0,100 V,2.0,False,1
7.2444,nan,0.0001,nan,nan,2895630.0,0.289563,nan,nan,nan,nan,0.5,0.2,30.0,100 V,2.0,False,1
7.2591,0.004699999999999999,nan,9.571613,2036513.4042553194,nan,nan,nan,nan,nan,nan,0.5,0.2,30.0,100 V,2.0,False,1
7.2738,nan,0.0001,nan,nan,2936000.0,0.2936,nan,nan,nan,nan,0.5,0.2,30.0,100 V,2.0,False,1
7.2885,0.0048,nan,9.903261,2063179.3750000002,nan,nan,nan,nan,nan,nan,0.5,0.2,30.0,100 V,2.0,False,1
7.3032,nan,0.0001,nan,nan,2969180.0,0.296918,nan,nan,nan,nan,0.5,0.2,30.0,100 V,2.0,False,1
7.3179,0.0049,nan,10.231258,2088011.8367346942,nan,nan,nan,nan,nan,nan,0.5,0.2,30.0,100 V,2.0,False,1
7.3326,nan,0.0001,nan,nan,3004019.9999999995,0.300402,nan,nan,nan,nan,0.5,0.2,30.0,100 V,2.0,False,1
7.3474,0.005,nan,10.569987,2113997.4,nan,nan,nan,nan,nan,nan,0.5,0.2,30.0,100 V,2.0,False,1
7.3621,nan,0.0001,nan,nan,3030559.9999999995,0.303056,nan,nan,nan,nan,0.5,0.2,30.0,100 V,2.0,False,1
7.3768,0.0049,nan,10.5185,2146632.6530612246,nan,nan,nan,nan,nan,nan,0.5,0.2,30.0,100 V,2.0,False,1
7.3914,nan,0.0001,nan,nan,3073699.9999999995,0.30737,nan,nan,nan,nan,0.5,0.2,30.0,100 V,2.0,False,1
7.4061,0.0048,nan,10.446439,2176341.4583333335,nan,nan,nan,nan,nan,nan,0.5,0.2,30.0,100 V,2.0,False,1
7.4208,nan,0.0001,nan,nan,3091400.0,0.30914,nan,nan,nan,nan,0.5,0.2,30.0,100 V,2.0,False,1
7.4354,0.004699999999999999,nan,10.351319,2202408.297872341,nan,nan,nan,nan,nan,nan,0.5,0.2,30.0,100 V,2.0,False,1
7.4500,nan,0.0001,nan,nan,3107989.9999999995,0.310799,nan,nan,nan,nan,0.5,0.2,30.0,100 V,2.0,False,1
7.4646,0.004599999999999999,nan,10.241047,2226314.5652173916,nan,nan,nan,nan,nan,nan,0.5,0.2,30.0,100 V,2.0,False,1
7.4794,nan,0.0001,nan,nan,3113520.0,0.311352,nan,nan,nan,nan,0.5,0.2,30.0,100 V,2.0,False,1
7.4940,0.004499999999999999,nan,10.10987,2246637.7777777785,nan,nan,nan,nan,nan,nan,0.5,0.2,30.0,100 V,2.0,False,1
7.5087,nan,0.0001,nan,nan,3125129.9999999995,0.312513,nan,nan,nan,nan,0.5,0.2,30.0,100 V,2.0,False,1
7.5233,0.0043999999999999985,nan,9.958895,2263385.227272728,nan,nan,nan,nan,nan,nan,0.5,0.2,30.0,100 V,2.0,False,1
7.5380,nan,0.0001,nan,nan,3116829.9999999995,0.311683,nan,nan,nan,nan,0.5,0.2,30.0,100 V,2.0,False,1
7.5525,0.004299999999999998,nan,9.795753,2278082.0930232564,nan,nan,nan,nan,nan,nan,0.5,0.2,30.0,100 V,2.0,False,1
7.5673,nan,0.0001,nan,nan,3106880.0,0.310688,nan,nan,nan,nan,0.5,0.2,30.0,100 V,2.0,False,1
7.5820,0.004199999999999998,nan,9.624758,2291609.047619049,nan,nan,nan,nan,nan,nan,0.5,0.2,30.0,100 V,2.0,False,1
7.5967,nan,0.0001,nan,nan,3113520.0,0.311352,nan,nan,nan,nan,0.5,0.2,30.0,100 V,2.0,False,1
7.6113,0.004099999999999998,nan,9.448565,2304528.048780489,nan,nan,nan,nan,nan,nan,0.5,0.2,30.0,100 V,2.0,False,1
7.6259,nan,0.0001,nan,nan,3103560.0,0.310356,nan,nan,nan,nan,0.5,0.2,30.0,100 V,2.0,False,1
7.6405,0.0039999999999999975,nan,9.262694,2315673.5000000014,nan,nan,nan,nan,nan,nan,0.5,0.2,30.0,100 V,2.0,False,1
7.6552,nan,0.0001,nan,nan,3102460.0,0.310246,nan,nan,nan,nan,0.5,0.2,30.0,100 V,2.0,False,1
7.6700,0.0038999999999999977,nan,9.063827,2324058.205128207,nan,nan,nan,nan,nan,nan,0.5,0.2,30.0,100 V,2.0,False,1
7.6846,nan,0.0001,nan,nan,3088080.0,0.308808,nan,nan,nan,nan,0.5,0.2,30.0,100 V,2.0,False,1
7.6994,0.003799999999999998,nan,8.873089,2335023.421052633,nan,nan,nan,nan,nan,nan,0.5,0.2,30.0,100 V,2.0,False,1
7.7140,nan,0.0001,nan,nan,3074810.0,0.307481,nan,nan,nan,nan,0.5,0.2,30.0,100 V,2.0,False,1
7.7286,0.003699999999999998,nan,8.665485,2342022.972972974,nan,nan,nan,nan,nan,nan,0.5,0.2,30.0,100 V,2.0,False,1
7.7433,nan,0.0001,nan,nan,3062090.0,0.306209,nan,nan,nan,nan,0.5,0.2,30.0,100 V,2.0,False,1
7.7579,0.003599999999999998,nan,8.459981,2349994.722222224,nan,nan,nan,nan,nan,nan,0.5,0.2,30.0,100 V,2.0,False,1
7.7726,nan,0.0001,nan,nan,3047710.0,0.304771,nan,nan,nan,nan,0.5,0.2,30.0,100 V,2.0,False,1
7.7873,0.0034999999999999983,nan,8.249665,2357047.142857144,nan,nan,nan,nan,nan,nan,0.5,0.2,30.0,100 V,2.0,False,1
7.8020,nan,0.0001,nan,nan,3034990.0,0.303499,nan,nan,nan,nan,0.5,0.2,30.0,100 V,2.0,False,1
7.8167,0.0033999999999999985,nan,8.033323,2362742.05882353,nan,nan,nan,nan,nan,nan,0.5,0.2,30.0,100 V,2.0,False,1
7.8313,nan,0.0001,nan,nan,3016739.9999999995,0.301674,nan,nan,nan,nan,0.5,0.2,30.0,100 V,2.0,False,1
7.8459,0.0032999999999999987,nan,7.819856,2369653.333333334,nan,nan,nan,nan,nan,nan,0.5,0.2,30.0,100 V,2.0,False,1
7.8606,nan,0.0001,nan,nan,3008999.9999999995,0.3009,nan,nan,nan,nan,0.5,0.2,30.0,100 V,2.0,False,1
7.8753,0.003199999999999999,nan,7.602739,2375855.9375000005,nan,nan,nan,nan,nan,nan,0.5,0.2,30.0,100 V,2.0,False,1
7.8900,nan,0.0001,nan,nan,3011210.0,0.301121,nan,nan,nan,nan,0.5,0.2,30.0,100 V,2.0,False,1
7.9047,0.003099999999999999,nan,7.384848,2382209.032258065,nan,nan,nan,nan,nan,nan,0.5,0.2,30.0,100 V,2.0,False,1
7.9194,nan,0.0001,nan,nan,2988529.9999999995,0.298853,nan,nan,nan,nan,0.5,0.2,30.0,100 V,2.0,False,1
7.9340,0.002999999999999999,nan,7.162312,2387437.333333334,nan,nan,nan,nan,nan,nan,0.5,0.2,30.0,100 V,2.0,False,1
7.9487,nan,0.0001,nan,nan,2975260.0,0.297526,nan,nan,nan,nan,0.5,0.2,30.0,100 V,2.0,False,1
7.9634,0.0028999999999999994,nan,6.936181,2391786.5517241387,nan,nan,nan,nan,nan,nan,0.5,0.2,30.0,100 V,2.0,False,1
7.9781,nan,0.0001,nan,nan,2963089.9999999995,0.296309,nan,nan,nan,nan,0.5,0.2,30.0,100 V,2.0,False,1
7.9928,0.0027999999999999995,nan,6.713037,2397513.2142857146,nan,nan,nan,nan,nan,nan,0.5,0.2,30.0,100 V,2.0,False,1
8.0075,nan,0.0001,nan,nan,2941529.9999999995,0.294153,nan,nan,nan,nan,0.5,0.2,30.0,100 V,2.0,False,1
8.0222,0.0026999999999999997,nan,6.486629,2402455.1851851856,nan,nan,nan,nan,nan,nan,0.5,0.2,30.0,100 V,2.0,False,1
8.0369,nan,0.0001,nan,nan,2921619.9999999995,0.292162,nan,nan,nan,nan,0.5,0.2,30.0,100 V,2.0,False,1
8.0515,0.0026,nan,6.261435,2408244.2307692305,nan,nan,nan,nan,nan,nan,0.5,0.2,30.0,100 V,2.0,False,1
8.0661,nan,0.0001,nan,nan,2901710.0,0.290171,nan,nan,nan,nan,0.5,0.2,30.0,100 V,2.0,False,1
8.0807,0.0025,nan,6.032871,2413148.4,nan,nan,nan,nan,nan,nan,0.5,0.2,30.0,100 V,2.0,False,1
8.0953,nan,0.0001,nan,nan,2871850.0,0.287185,nan,nan,nan,nan,0.5,0.2,30.0,100 V,2.0,False,1
8.1100,0.0024000000000000002,nan,5.800823,2417009.583333333,nan,nan,nan,nan,nan,nan,0.5,0.2,30.0,100 V,2.0,False,1
8.1247,nan,0.0001,nan,nan,2871850.0,0.287185,nan,nan,nan,nan,0.5,0.2,30.0,100 V,2.0,False,1
8.1393,0.0023000000000000004,nan,5.572204,2422697.3913043477,nan,nan,nan,nan,nan,nan,0.5,0.2,30.0,100 V,2.0,False,1
8.1540,nan,0.0001,nan,nan,2855260.0,0.285526,nan,nan,nan,nan,0.5,0.2,30.0,100 V,2.0,False,1
8.1686,0.0022000000000000006,nan,5.339768,2427167.2727272725,nan,nan,nan,nan,nan,nan,0.5,0.2,30.0,100 V,2.0,False,1
8.1833,nan,0.0001,nan,nan,2832580.0,0.283258,nan,nan,nan,nan,0.5,0.2,30.0,100 V,2.0,False,1
8.1980,0.0021000000000000007,nan,5.110208,2433432.38095238,nan,nan,nan,nan,nan,nan,0.5,0.2,30.0,100 V,2.0,False,1
8.2127,nan,0.0001,nan,nan,2822629.9999999995,0.282263,nan,nan,nan,nan,0.5,0.2,30.0,100 V,2.0,False,1
8.2273,0.002000000000000001,nan,4.876833,2438416.499999999,nan,nan,nan,nan,nan,nan,0.5,0.2,30.0,100 V,2.0,False,1
8.2420,nan,0.0001,nan,nan,2809909.9999999995,0.280991,nan,nan,nan,nan,0.5,0.2,30.0,100 V,2.0,False,1
8.2566,0.0019000000000000009,nan,4.645227,2444856.315789473,nan,nan,nan,nan,nan,nan,0.5,0.2,30.0,100 V,2.0,False,1
8.2714,nan,0.0001,nan,nan,2785569.9999999995,0.278557,nan,nan,nan,nan,0.5,0.2,30.0,100 V,2.0,False,1
8.2860,0.0018000000000000008,nan,4.406598,2448109.999999999,nan,nan,nan,nan,nan,nan,0.5,0.2,30.0,100 V,2.0,False,1
8.3006,nan,0.0001,nan,nan,2760690.0,0.276069,nan,nan,nan,nan,0.5,0.2,30.0,100 V,2.0,False,1
8.3153,0.0017000000000000008,nan,4.173331,2454900.588235293,nan,nan,nan,nan,nan,nan,0.5,0.2,30.0,100 V,2.0,False,1
8.3300,nan,0.0001,nan,nan,2754050.0,0.275405,nan,nan,nan,nan,0.5,0.2,30.0,100 V,2.0,False,1
8.3446,0.0016000000000000007,nan,3.935642,2459776.249999999,nan,nan,nan,nan,nan,nan,0.5,0.2,30.0,100 V,2.0,False,1
8.3594,nan,0.0001,nan,nan,2739119.9999999995,0.273912,nan,nan,nan,nan,0.5,0.2,30.0,100 V,2.0,False,1
8.3740,0.0015000000000000007,nan,3.696957,2464637.9999999986,nan,nan,nan,nan,nan,nan,0.5,0.2,30.0,100 V,2.0,False,1
8.3887,nan,0.0001,nan,nan,2723079.9999999995,0.272308,nan,nan,nan,nan,0.5,0.2,30.0,100 V,2.0,False,1
8.4033,0.0014000000000000006,nan,3.4523,2465928.5714285704,nan,nan,nan,nan,nan,nan,0.5,0.2,30.0,100 V,2.0,False,1
8.4180,nan,0.0001,nan,nan,2708149.9999999995,0.270815,nan,nan,nan,nan,0.5,0.2,30.0,100 V,2.0,False,1
8.4327,0.0013000000000000006,nan,3.212067,2470820.7692307676,nan,nan,nan,nan,nan,nan,0.5,0.2,30.0,100 V,2.0,False,1
8.4474,nan,0.0001,nan,nan,2688800.0,0.26888,nan,nan,nan,nan,0.5,0.2,30.0,100 V,2.0,False,1
8.4620,0.0012000000000000005,nan,2.974544,2478786.666666665,nan,nan,nan,nan,nan,nan,0.5,0.2,30.0,100 V,2.0,False,1
8.4767,nan,0.0001,nan,nan,2682709.9999999995,0.268271,nan,nan,nan,nan,0.5,0.2,30.0,100 V,2.0,False,1
8.4914,0.0011000000000000005,nan,2.730385,2482168.1818181807,nan,nan,nan,nan,nan,nan,0.5,0.2,30.0,100 V,2.0,False,1
8.5062,nan,0.0001,nan,nan,2669440.0,0.266944,nan,nan,nan,nan,0.5,0.2,30.0,100 V,2.0,False,1
8.5208,0.0010000000000000005,nan,2.488603,2488602.999999999,nan,nan,nan,nan,nan,nan,0.5,0.2,30.0,100 V,2.0,False,1
8.5355,nan,0.0001,nan,nan,2656720.0,0.265672,nan,nan,nan,nan,0.5,0.2,30.0,100 V,2.0,False,1
8.5502,0.0009000000000000004,nan,2.24649,2496099.999999999,nan,nan,nan,nan,nan,nan,0.5,0.2,30.0,100 V,2.0,False,1
8.5649,nan,0.0001,nan,nan,2642889.9999999995,0.264289,nan,nan,nan,nan,0.5,0.2,30.0,100 V,2.0,False,1
8.5796,0.0008000000000000004,nan,1.998181,2497726.2499999986,nan,nan,nan,nan,nan,nan,0.5,0.2,30.0,100 V,2.0,False,1
8.5942,nan,0.0001,nan,nan,2633490.0,0.263349,nan,nan,nan,nan,0.5,0.2,30.0,100 V,2.0,False,1
8.6089,0.0007000000000000003,nan,1.748159,2497369.999999999,nan,nan,nan,nan,nan,nan,0.5,0.2,30.0,100 V,2.0,False,1
8.6235,nan,0.0001,nan,nan,2616350.0,0.261635,nan,nan,nan,nan,0.5,0.2,30.0,100 V,2.0,False,1
8.6381,0.0006000000000000003,nan,1.501346,2502243.333333332,nan,nan,nan,nan,nan,nan,0.5,0.2,30.0,100 V,2.0,False,1
8.6528,nan,0.0001,nan,nan,2606399.9999999995,0.26064,nan,nan,nan,nan,0.5,0.2,30.0,100 V,2.0,False,1
8.6675,0.0005000000000000002,nan,1.252375,2504749.999999999,nan,nan,nan,nan,nan,nan,0.5,0.2,30.0,100 V,2.0,False,1
8.6822,nan,0.0001,nan,nan,2592019.9999999995,0.259202,nan,nan,nan,nan,0.5,0.2,30.0,100 V,2.0,False,1
8.6969,0.00040000000000000024,nan,1.004399,2510997.4999999986,nan,nan,nan,nan,nan,nan,0.5,0.2,30.0,100 V,2.0,False,1
8.7116,nan,0.0001,nan,nan,2575430.0,0.257543,nan,nan,nan,nan,0.5,0.2,30.0,100 V,2.0,False,1
8.7263,0.00030000000000000024,nan,0.754986,2516619.999999998,nan,nan,nan,nan,nan,nan,0.5,0.2,30.0,100 V,2.0,False,1
8.7409,nan,0.0001,nan,nan,2566019.9999999995,0.256602,nan,nan,nan,nan,0.5,0.2,30.0,100 V,2.0,False,1
8.7556,0.00020000000000000025,nan,0.505407,2527034.999999997,nan,nan,nan,nan,nan,nan,0.5,0.2,30.0,100 V,2.0,False,1
8.7703,nan,0.0001,nan,nan,2555520.0,0.255552,nan,nan,nan,nan,0.5,0.2,30.0,100 V,2.0,False,1
8.7850,0.00010000000000000025,nan,0.254556,2545559.999999994,nan,nan,nan,nan,nan,nan,0.5,0.2,30.0,100 V,2.0,False,1
8.7997,nan,0.0001,nan,nan,2542800.0,0.25428,nan,nan,nan,nan,0.5,0.2,30.0,100 V,2.0,False,1
8.8145,2.439454888092385e-19,nan,0.253727,1.0400971185755783e+21,nan,nan,nan,nan,nan,nan,0.5,0.2,30.0,100 V,2.0,False,1
8.8292,nan,0.0001,nan,nan,2536709.9999999995,0.253671,nan,nan,nan,nan,0.5,0.2,30.0,100 V,2.0,False,1
8.8439,-9.999999999999976e-05,nan,-0.243496,2434960.0000000056,nan,nan,nan,nan,nan,nan,0.5,0.2,30.0,100 V,2.0,False,1
8.8586,nan,0.0001,nan,nan,2512380.0,0.251238,nan,nan,nan,nan,0.5,0.2,30.0,100 V,2.0,False,1
8.8733,-0.00019999999999999977,nan,-0.48948,2447400.000000003,nan,nan,nan,nan,nan,nan,0.5,0.2,30.0,100 V,2.0,False,1
8.8880,nan,0.0001,nan,nan,2504089.9999999995,0.250409,nan,nan,nan,nan,0.5,0.2,30.0,100 V,2.0,False,1
8.9026,-0.00029999999999999976,nan,-0.735022,2450073.333333335,nan,nan,nan,nan,nan,nan,0.5,0.2,30.0,100 V,2.0,False,1
8.9172,nan,0.0001,nan,nan,2490259.9999999995,0.249026,nan,nan,nan,nan,0.5,0.2,30.0,100 V,2.0,False,1
8.9320,-0.00039999999999999975,nan,-0.977854,2444635.0000000014,nan,nan,nan,nan,nan,nan,0.5,0.2,30.0,100 V,2.0,False,1
8.9467,nan,0.0001,nan,nan,2476990.0,0.247699,nan,nan,nan,nan,0.5,0.2,30.0,100 V,2.0,False,1
8.9614,-0.0004999999999999998,nan,-1.21997,2439940.000000001,nan,nan,nan,nan,nan,nan,0.5,0.2,30.0,100 V,2.0,False,1
8.9762,nan,0.0001,nan,nan,2460400.0,0.24604,nan,nan,nan,nan,0.5,0.2,30.0,100 V,2.0,False,1
8.9908,-0.0005999999999999998,nan,-1.457106,2428510.0000000005,nan,nan,nan,nan,nan,nan,0.5,0.2,30.0,100 V,2.0,False,1
9.0054,nan,0.0001,nan,nan,2441039.9999999995,0.244104,nan,nan,nan,nan,0.5,0.2,30.0,100 V,2.0,False,1
9.0202,-0.0006999999999999999,nan,-1.695956,2422794.2857142864,nan,nan,nan,nan,nan,nan,0.5,0.2,30.0,100 V,2.0,False,1
9.0349,nan,0.0001,nan,nan,2432189.9999999995,0.243219,nan,nan,nan,nan,0.5,0.2,30.0,100 V,2.0,False,1
9.0496,-0.0007999999999999999,nan,-1.934475,2418093.75,nan,nan,nan,nan,nan,nan,0.5,0.2,30.0,100 V,2.0,False,1
9.0643,nan,0.0001,nan,nan,2415049.9999999995,0.241505,nan,nan,nan,nan,0.5,0.2,30.0,100 V,2.0,False,1
9.0790,-0.0009,nan,-2.16835,2409277.777777778,nan,nan,nan,nan,nan,nan,0.5,0.2,30.0,100 V,2.0,False,1
9.0937,nan,0.0001,nan,nan,2399560.0,0.239956,nan,nan,nan,nan,0.5,0.2,30.0,100 V,2.0,False,1
9.1083,-0.001,nan,-2.403219,2403219.0,nan,nan,nan,nan,nan,nan,0.5,0.2,30.0,100 V,2.0,False,1
9.1230,nan,0.0001,nan,nan,2385190.0,0.238519,nan,nan,nan,nan,0.5,0.2,30.0,100 V,2.0,False,1
9.1378,-0.0011,nan,-2.635875,2396250.0,nan,nan,nan,nan,nan,nan,0.5,0.2,30.0,100 V,2.0,False,1
9.1525,nan,0.0001,nan,nan,2369149.9999999995,0.236915,nan,nan,nan,nan,0.5,0.2,30.0,100 V,2.0,False,1
9.1672,-0.0012000000000000001,nan,-2.867205,2389337.4999999995,nan,nan,nan,nan,nan,nan,0.5,0.2,30.0,100 V,2.0,False,1
9.1819,nan,0.0001,nan,nan,2352559.9999999995,0.235256,nan,nan,nan,nan,0.5,0.2,30.0,100 V,2.0,False,1
9.1966,-0.0013000000000000002,nan,-3.094054,2380041.538461538,nan,nan,nan,nan,nan,nan,0.5,0.2,30.0,100 V,2.0,False,1
9.2113,nan,0.0001,nan,nan,2343709.9999999995,0.234371,nan,nan,nan,nan,0.5,0.2,30.0,100 V,2.0,False,1
9.2260,-0.0014000000000000002,nan,-3.317475,2369624.9999999995,nan,nan,nan,nan,nan,nan,0.5,0.2,30.0,100 V,2.0,False,1
9.2407,nan,0.0001,nan,nan,2330440.0,0.233044,nan,nan,nan,nan,0.5,0.2,30.0,100 V,2.0,False,1
9.2554,-0.0015000000000000002,nan,-3.541892,2361261.333333333,nan,nan,nan,nan,nan,nan,0.5,0.2,30.0,100 V,2.0,False,1
9.2701,nan,0.0001,nan,nan,2314400.0,0.23144,nan,nan,nan,nan,0.5,0.2,30.0,100 V,2.0,False,1
9.2848,-0.0016000000000000003,nan,-3.756797,2347998.1249999995,nan,nan,nan,nan,nan,nan,0.5,0.2,30.0,100 V,2.0,False,1
9.2995,nan,0.0001,nan,nan,2292279.9999999995,0.229228,nan,nan,nan,nan,0.5,0.2,30.0,100 V,2.0,False,1
9.3142,-0.0017000000000000003,nan,-3.97065,2335676.4705882347,nan,nan,nan,nan,nan,nan,0.5,0.2,30.0,100 V,2.0,False,1
9.3290,nan,0.0001,nan,nan,2274579.9999999995,0.227458,nan,nan,nan,nan,0.5,0.2,30.0,100 V,2.0,False,1
9.3436,-0.0018000000000000004,nan,-4.179031,2321683.8888888885,nan,nan,nan,nan,nan,nan,0.5,0.2,30.0,100 V,2.0,False,1
9.3584,nan,0.0001,nan,nan,2257990.0,0.225799,nan,nan,nan,nan,0.5,0.2,30.0,100 V,2.0,False,1
9.3731,-0.0019000000000000004,nan,-4.381493,2306048.9473684207,nan,nan,nan,nan,nan,nan,0.5,0.2,30.0,100 V,2.0,False,1
9.3878,nan,0.0001,nan,nan,2243060.0,0.224306,nan,nan,nan,nan,0.5,0.2,30.0,100 V,2.0,False,1
9.4025,-0.0020000000000000005,nan,-4.576212,2288105.9999999995,nan,nan,nan,nan,nan,nan,0.5,0.2,30.0,100 V,2.0,False,1
9.4172,nan,0.0001,nan,nan,2224810.0,0.222481,nan,nan,nan,nan,0.5,0.2,30.0,100 V,2.0,False,1
9.4319,-0.0021000000000000003,nan,-4.774249,2273451.9047619044,nan,nan,nan,nan,nan,nan,0.5,0.2,30.0,100 V,2.0,False,1
9.4466,nan,0.0001,nan,nan,2203239.9999999995,0.220324,nan,nan,nan,nan,0.5,0.2,30.0,100 V,2.0,False,1
9.4612,-0.0022,nan,-4.964323,2256510.4545454546,nan,nan,nan,nan,nan,nan,0.5,0.2,30.0,100 V,2.0,False,1
9.4760,nan,0.0001,nan,nan,2187200.0,0.21872,nan,nan,nan,nan,0.5,0.2,30.0,100 V,2.0,False,1
9.4907,-0.0023,nan,-5.153125,2240489.1304347827,nan,nan,nan,nan,nan,nan,0.5,0.2,30.0,100 V,2.0,False,1
9.5053,nan,0.0001,nan,nan,2167850.0,0.216785,nan,nan,nan,nan,0.5,0.2,30.0,100 V,2.0,False,1
9.5200,-0.0024,nan,-5.340213,2225088.7500000005,nan,nan,nan,nan,nan,nan,0.5,0.2,30.0,100 V,2.0,False,1
9.5347,nan,0.0001,nan,nan,2156230.0,0.215623,nan,nan,nan,nan,0.5,0.2,30.0,100 V,2.0,False,1
9.5495,-0.0024999999999999996,nan,-5.523042,2209216.8000000003,nan,nan,nan,nan,nan,nan,0.5,0.2,30.0,100 V,2.0,False,1
9.5642,nan,0.0001,nan,nan,2141299.9999999995,0.21413,nan,nan,nan,nan,0.5,0.2,30.0,100 V,2.0,False,1
9.5789,-0.0025999999999999994,nan,-5.707143,2195055.0000000005,nan,nan,nan,nan,nan,nan,0.5,0.2,30.0,100 V,2.0,False,1
9.5936,nan,0.0001,nan,nan,2117520.0,0.211752,nan,nan,nan,nan,0.5,0.2,30.0,100 V,2.0,False,1
9.6083,-0.0026999999999999993,nan,-5.888977,2181102.5925925933,nan,nan,nan,nan,nan,nan,0.5,0.2,30.0,100 V,2.0,False,1
9.6230,nan,0.0001,nan,nan,2102590.0,0.210259,nan,nan,nan,nan,0.5,0.2,30.0,100 V,2.0,False,1
9.6377,-0.002799999999999999,nan,-6.072359,2168699.6428571437,nan,nan,nan,nan,nan,nan,0.5,0.2,30.0,100 V,2.0,False,1
9.6524,nan,0.0001,nan,nan,2085450.0,0.208545,nan,nan,nan,nan,0.5,0.2,30.0,100 V,2.0,False,1
9.6671,-0.002899999999999999,nan,-6.249051,2154845.172413794,nan,nan,nan,nan,nan,nan,0.5,0.2,30.0,100 V,2.0,False,1
9.6819,nan,0.0001,nan,nan,2074940.0,0.207494,nan,nan,nan,nan,0.5,0.2,30.0,100 V,2.0,False,1
9.6966,-0.0029999999999999988,nan,-6.428451,2142817.000000001,nan,nan,nan,nan,nan,nan,0.5,0.2,30.0,100 V,2.0,False,1
9.7113,nan,0.0001,nan,nan,2060559.9999999998,0.206056,nan,nan,nan,nan,0.5,0.2,30.0,100 V,2.0,False,1
9.7260,-0.0030999999999999986,nan,-6.607299,2131386.7741935495,nan,nan,nan,nan,nan,nan,0.5,0.2,30.0,100 V,2.0,False,1
9.7406,nan,0.0001,nan,nan,2043969.9999999998,0.204397,nan,nan,nan,nan,0.5,0.2,30.0,100 V,2.0,False,1
9.7553,-0.0031999999999999984,nan,-6.783105,2119720.312500001,nan,nan,nan,nan,nan,nan,0.5,0.2,30.0,100 V,2.0,False,1
9.7700,nan,0.0001,nan,nan,2031799.9999999998,0.20318,nan,nan,nan,nan,0.5,0.2,30.0,100 V,2.0,False,1
9.7847,-0.0032999999999999982,nan,-6.965215,2110671.212121213,nan,nan,nan,nan,nan,nan,0.5,0.2,30.0,100 V,2.0,False,1
9.7994,nan,0.0001,nan,nan,2015209.9999999998,0.201521,nan,nan,nan,nan,0.5,0.2,30.0,100 V,2.0,False,1
9.8141,-0.003399999999999998,nan,-7.14821,2102414.705882354,nan,nan,nan,nan,nan,nan,0.5,0.2,30.0,100 V,2.0,False,1
9.8287,nan,0.0001,nan,nan,1998620.0,0.199862,nan,nan,nan,nan,0.5,0.2,30.0,100 V,2.0,False,1
9.8434,-0.003499999999999998,nan,-7.330707,2094487.7142857157,nan,nan,nan,nan,nan,nan,0.5,0.2,30.0,100 V,2.0,False,1
9.8581,nan,0.0001,nan,nan,1989769.9999999998,0.198977,nan,nan,nan,nan,0.5,0.2,30.0,100 V,2.0,False,1
9.8728,-0.0035999999999999977,nan,-7.51785,2088291.6666666681,nan,nan,nan,nan,nan,nan,0.5,0.2,30.0,100 V,2.0,False,1
9.8875,nan,0.0001,nan,nan,1979819.9999999998,0.197982,nan,nan,nan,nan,0.5,0.2,30.0,100 V,2.0,False,1
9.9022,-0.0036999999999999976,nan,-7.711519,2084194.3243243257,nan,nan,nan,nan,nan,nan,0.5,0.2,30.0,100 V,2.0,False,1
9.9169,nan,0.0001,nan,nan,1965999.9999999998,0.1966,nan,nan,nan,nan,0.5,0.2,30.0,100 V,2.0,False,1
9.9315,-0.0037999999999999974,nan,-7.909335,2081403.9473684223,nan,nan,nan,nan,nan,nan,0.5,0.2,30.0,100 V,2.0,False,1
9.9462,nan,0.0001,nan,nan,1958809.9999999998,0.195881,nan,nan,nan,nan,0.5,0.2,30.0,100 V,2.0,False,1
9.9609,-0.0038999999999999972,nan,-8.112737,2080188.9743589757,nan,nan,nan,nan,nan,nan,0.5,0.2,30.0,100 V,2.0,False,1
9.9756,nan,0.0001,nan,nan,1952169.9999999998,0.195217,nan,nan,nan,nan,0.5,0.2,30.0,100 V,2.0,False,1
9.9903,-0.0039999999999999975,nan,-8.321171,2080292.7500000014,nan,nan,nan,nan,nan,nan,0.5,0.2,30.0,100 V,2.0,False,1
10.0050,nan,0.0001,nan,nan,1941110.0,0.194111,nan,nan,nan,nan,0.5,0.2,30.0,100 V,2.0,False,1
10.0197,-0.004099999999999998,nan,-8.544373,2083993.4146341474,nan,nan,nan,nan,nan,nan,0.5,0.2,30.0,100 V,2.0,False,1
10.0345,nan,0.0001,nan,nan,1936130.0,0.193613,nan,nan,nan,nan,0.5,0.2,30.0,100 V,2.0,False,1
10.0492,-0.004199999999999998,nan,-8.779186,2090282.3809523818,nan,nan,nan,nan,nan,nan,0.5,0.2,30.0,100 V,2.0,False,1
10.0639,nan,0.0001,nan,nan,1932260.0,0.193226,nan,nan,nan,nan,0.5,0.2,30.0,100 V,2.0,False,1
10.0786,-0.004299999999999998,nan,-9.030535,2100124.418604652,nan,nan,nan,nan,nan,nan,0.5,0.2,30.0,100 V,2.0,False,1
10.0932,nan,0.0001,nan,nan,1926180.0,0.192618,nan,nan,nan,nan,0.5,0.2,30.0,100 V,2.0,False,1
10.1080,-0.0043999999999999985,nan,-9.298751,2113352.5000000005,nan,nan,nan,nan,nan,nan,0.5,0.2,30.0,100 V,2.0,False,1
10.1228,nan,0.0001,nan,nan,1927840.0,0.192784,nan,nan,nan,nan,0.5,0.2,30.0,100 V,2.0,False,1
10.1375,-0.004499999999999999,nan,-9.56044,2124542.2222222225,nan,nan,nan,nan,nan,nan,0.5,0.2,30.0,100 V,2.0,False,1
10.1522,nan,0.0001,nan,nan,1925070.0,0.192507,nan,nan,nan,nan,0.5,0.2,30.0,100 V,2.0,False,1
10.1670,-0.004599999999999999,nan,-9.840491,2139237.173913044,nan,nan,nan,nan,nan,nan,0.5,0.2,30.0,100 V,2.0,False,1
10.1817,nan,0.0001,nan,nan,1927840.0,0.192784,nan,nan,nan,nan,0.5,0.2,30.0,100 V,2.0,False,1
10.1964,-0.004699999999999999,nan,-10.148248,2159201.70212766,nan,nan,nan,nan,nan,nan,0.5,0.2,30.0,100 V,2.0,False,1
10.2111,nan,0.0001,nan,nan,1926730.0,0.192673,nan,nan,nan,nan,0.5,0.2,30.0,100 V,2.0,False,1
10.2258,-0.0048,nan,-10.446052,2176260.8333333335,nan,nan,nan,nan,nan,nan,0.5,0.2,30.0,100 V,2.0,False,1
10.2405,nan,0.0001,nan,nan,1928940.0,0.192894,nan,nan,nan,nan,0.5,0.2,30.0,100 V,2.0,False,1
10.2553,-0.0049,nan,-10.738878,2191607.7551020407,nan,nan,nan,nan,nan,nan,0.5,0.2,30.0,100 V,2.0,False,1
10.2700,nan,0.0001,nan,nan,1940560.0,0.194056,nan,nan,nan,nan,0.5,0.2,30.0,100 V,2.0,False,1
10.2848,-0.005,nan,-11.026781,2205356.1999999997,nan,nan,nan,nan,nan,nan,0.5,0.2,30.0,100 V,2.0,False,1
10.2995,nan,0.0001,nan,nan,1946639.9999999998,0.194664,nan,nan,nan,nan,0.5,0.2,30.0,100 V,2.0,False,1
10.3143,-0.0049,nan,-10.889742,2222396.3265306125,nan,nan,nan,nan,nan,nan,0.5,0.2,30.0,100 V,2.0,False,1
10.3289,nan,0.0001,nan,nan,1949399.9999999998,0.19494,nan,nan,nan,nan,0.5,0.2,30.0,100 V,2.0,False,1
10.3437,-0.0048,nan,-10.742306,2237980.4166666665,nan,nan,nan,nan,nan,nan,0.5,0.2,30.0,100 V,2.0,False,1
10.3583,nan,0.0001,nan,nan,1952719.9999999998,0.195272,nan,nan,nan,nan,0.5,0.2,30.0,100 V,2.0,False,1
10.3730,-0.004699999999999999,nan,-10.574409,2249874.2553191492,nan,nan,nan,nan,nan,nan,0.5,0.2,30.0,100 V,2.0,False,1
10.3876,nan,0.0001,nan,nan,1963779.9999999998,0.196378,nan,nan,nan,nan,0.5,0.2,30.0,100 V,2.0,False,1
10.4022,-0.004599999999999999,nan,-10.394453,2259663.6956521743,nan,nan,nan,nan,nan,nan,0.5,0.2,30.0,100 V,2.0,False,1
10.4169,nan,0.0001,nan,nan,1972079.9999999998,0.197208,nan,nan,nan,nan,0.5,0.2,30.0,100 V,2.0,False,1
10.4316,-0.004499999999999999,nan,-10.205707,2267934.8888888895,nan,nan,nan,nan,nan,nan,0.5,0.2,30.0,100 V,2.0,False,1
10.4463,nan,0.0001,nan,nan,1985349.9999999998,0.198535,nan,nan,nan,nan,0.5,0.2,30.0,100 V,2.0,False,1
10.4610,-0.0043999999999999985,nan,-10.012646,2275601.363636364,nan,nan,nan,nan,nan,nan,0.5,0.2,30.0,100 V,2.0,False,1
10.4757,nan,0.0001,nan,nan,1990879.9999999998,0.199088,nan,nan,nan,nan,0.5,0.2,30.0,100 V,2.0,False,1
10.4904,-0.004299999999999998,nan,-9.813558,2282222.790697675,nan,nan,nan,nan,nan,nan,0.5,0.2,30.0,100 V,2.0,False,1
10.5050,nan,0.0001,nan,nan,2004150.0,0.200415,nan,nan,nan,nan,0.5,0.2,30.0,100 V,2.0,False,1
10.5197,-0.004199999999999998,nan,-9.612977,2288804.047619049,nan,nan,nan,nan,nan,nan,0.5,0.2,30.0,100 V,2.0,False,1
10.5343,nan,0.0001,nan,nan,2020739.9999999998,0.202074,nan,nan,nan,nan,0.5,0.2,30.0,100 V,2.0,False,1
10.5490,-0.004099999999999998,nan,-9.410792,2295315.121951221,nan,nan,nan,nan,nan,nan,0.5,0.2,30.0,100 V,2.0,False,1
10.5636,nan,0.0001,nan,nan,2024059.9999999998,0.202406,nan,nan,nan,nan,0.5,0.2,30.0,100 V,2.0,False,1
10.5783,-0.0039999999999999975,nan,-9.200866,2300216.5000000014,nan,nan,nan,nan,nan,nan,0.5,0.2,30.0,100 V,2.0,False,1
10.5930,nan,0.0001,nan,nan,2038989.9999999998,0.203899,nan,nan,nan,nan,0.5,0.2,30.0,100 V,2.0,False,1
10.6078,-0.0038999999999999977,nan,-8.992542,2305780.0000000014,nan,nan,nan,nan,nan,nan,0.5,0.2,30.0,100 V,2.0,False,1
10.6225,nan,0.0001,nan,nan,2050049.9999999998,0.205005,nan,nan,nan,nan,0.5,0.2,30.0,100 V,2.0,False,1
10.6372,-0.003799999999999998,nan,-8.779628,2310428.421052633,nan,nan,nan,nan,nan,nan,0.5,0.2,30.0,100 V,2.0,False,1
10.6519,nan,0.0001,nan,nan,2063329.9999999998,0.206333,nan,nan,nan,nan,0.5,0.2,30.0,100 V,2.0,False,1
10.6666,-0.003699999999999998,nan,-8.569646,2316120.540540542,nan,nan,nan,nan,nan,nan,0.5,0.2,30.0,100 V,2.0,False,1
10.6811,nan,0.0001,nan,nan,2069960.0,0.206996,nan,nan,nan,nan,0.5,0.2,30.0,100 V,2.0,False,1
10.6959,-0.003599999999999998,nan,-8.353359,2320377.500000001,nan,nan,nan,nan,nan,nan,0.5,0.2,30.0,100 V,2.0,False,1
10.7106,nan,0.0001,nan,nan,2082680.0,0.208268,nan,nan,nan,nan,0.5,0.2,30.0,100 V,2.0,False,1
10.7252,-0.0034999999999999983,nan,-8.135521,2324434.5714285728,nan,nan,nan,nan,nan,nan,0.5,0.2,30.0,100 V,2.0,False,1
10.7399,nan,0.0001,nan,nan,2095399.9999999998,0.20954,nan,nan,nan,nan,0.5,0.2,30.0,100 V,2.0,False,1
10.7546,-0.0033999999999999985,nan,-7.917298,2328617.05882353,nan,nan,nan,nan,nan,nan,0.5,0.2,30.0,100 V,2.0,False,1
10.7694,nan,0.0001,nan,nan,2107570.0,0.210757,nan,nan,nan,nan,0.5,0.2,30.0,100 V,2.0,False,1
10.7841,-0.0032999999999999987,nan,-7.69891,2333003.030303031,nan,nan,nan,nan,nan,nan,0.5,0.2,30.0,100 V,2.0,False,1
10.7989,nan,0.0001,nan,nan,2118630.0,0.211863,nan,nan,nan,nan,0.5,0.2,30.0,100 V,2.0,False,1
10.8136,-0.003199999999999999,nan,-7.481627,2338008.4375000005,nan,nan,nan,nan,nan,nan,0.5,0.2,30.0,100 V,2.0,False,1
10.8283,nan,0.0001,nan,nan,2128579.9999999995,0.212858,nan,nan,nan,nan,0.5,0.2,30.0,100 V,2.0,False,1
10.8430,-0.003099999999999999,nan,-7.260087,2341963.5483870977,nan,nan,nan,nan,nan,nan,0.5,0.2,30.0,100 V,2.0,False,1
10.8578,nan,0.0001,nan,nan,2142959.9999999995,0.214296,nan,nan,nan,nan,0.5,0.2,30.0,100 V,2.0,False,1
10.8725,-0.002999999999999999,nan,-7.040426,2346808.6666666674,nan,nan,nan,nan,nan,nan,0.5,0.2,30.0,100 V,2.0,False,1
10.8873,nan,0.0001,nan,nan,2159000.0,0.2159,nan,nan,nan,nan,0.5,0.2,30.0,100 V,2.0,False,1
10.9020,-0.0028999999999999994,nan,-6.817503,2350863.1034482764,nan,nan,nan,nan,nan,nan,0.5,0.2,30.0,100 V,2.0,False,1
10.9166,nan,0.0001,nan,nan,2163420.0,0.216342,nan,nan,nan,nan,0.5,0.2,30.0,100 V,2.0,False,1
10.9312,-0.0027999999999999995,nan,-6.595132,2355404.2857142864,nan,nan,nan,nan,nan,nan,0.5,0.2,30.0,100 V,2.0,False,1
10.9459,nan,0.0001,nan,nan,2183330.0,0.218333,nan,nan,nan,nan,0.5,0.2,30.0,100 V,2.0,False,1
10.9606,-0.0026999999999999997,nan,-6.369665,2359135.1851851856,nan,nan,nan,nan,nan,nan,0.5,0.2,30.0,100 V,2.0,False,1
10.9753,nan,0.0001,nan,nan,2186100.0,0.21861,nan,nan,nan,nan,0.5,0.2,30.0,100 V,2.0,False,1
10.9900,-0.0026,nan,-6.144528,2363280.0,nan,nan,nan,nan,nan,nan,0.5,0.2,30.0,100 V,2.0,False,1
11.0046,nan,0.0001,nan,nan,2196609.9999999995,0.219661,nan,nan,nan,nan,0.5,0.2,30.0,100 V,2.0,False,1
11.0194,-0.0025,nan,-5.920333,2368133.1999999997,nan,nan,nan,nan,nan,nan,0.5,0.2,30.0,100 V,2.0,False,1
11.0341,nan,0.0001,nan,nan,2206009.9999999995,0.220601,nan,nan,nan,nan,0.5,0.2,30.0,100 V,2.0,False,1
11.0488,-0.0024000000000000002,nan,-5.6947,2372791.6666666665,nan,nan,nan,nan,nan,nan,0.5,0.2,30.0,100 V,2.0,False,1
11.0635,nan,0.0001,nan,nan,2212639.9999999995,0.221264,nan,nan,nan,nan,0.5,0.2,30.0,100 V,2.0,False,1
11.0782,-0.0023000000000000004,nan,-5.469233,2377927.391304347,nan,nan,nan,nan,nan,nan,0.5,0.2,30.0,100 V,2.0,False,1
11.0930,nan,0.0001,nan,nan,2223150.0,0.222315,nan,nan,nan,nan,0.5,0.2,30.0,100 V,2.0,False,1
11.1077,-0.0022000000000000006,nan,-5.244318,2383780.9090909082,nan,nan,nan,nan,nan,nan,0.5,0.2,30.0,100 V,2.0,False,1
11.1223,nan,0.0001,nan,nan,2239190.0,0.223919,nan,nan,nan,nan,0.5,0.2,30.0,100 V,2.0,False,1
11.1370,-0.0021000000000000007,nan,-5.014316,2387769.523809523,nan,nan,nan,nan,nan,nan,0.5,0.2,30.0,100 V,2.0,False,1
11.1516,nan,0.0001,nan,nan,2244170.0,0.224417,nan,nan,nan,nan,0.5,0.2,30.0,100 V,2.0,False,1
11.1664,-0.002000000000000001,nan,-4.783872,2391935.999999999,nan,nan,nan,nan,nan,nan,0.5,0.2,30.0,100 V,2.0,False,1
11.1811,nan,0.0001,nan,nan,2256330.0,0.225633,nan,nan,nan,nan,0.5,0.2,30.0,100 V,2.0,False,1
11.1959,-0.0019000000000000009,nan,-4.555197,2397472.105263157,nan,nan,nan,nan,nan,nan,0.5,0.2,30.0,100 V,2.0,False,1
11.2106,nan,0.0001,nan,nan,2260760.0,0.226076,nan,nan,nan,nan,0.5,0.2,30.0,100 V,2.0,False,1
11.2253,-0.0018000000000000008,nan,-4.323868,2402148.888888888,nan,nan,nan,nan,nan,nan,0.5,0.2,30.0,100 V,2.0,False,1
11.2400,nan,0.0001,nan,nan,2271259.9999999995,0.227126,nan,nan,nan,nan,0.5,0.2,30.0,100 V,2.0,False,1
11.2547,-0.0017000000000000008,nan,-4.089108,2405357.6470588227,nan,nan,nan,nan,nan,nan,0.5,0.2,30.0,100 V,2.0,False,1
11.2694,nan,0.0001,nan,nan,2277349.9999999995,0.227735,nan,nan,nan,nan,0.5,0.2,30.0,100 V,2.0,False,1
11.2841,-0.0016000000000000007,nan,-3.856617,2410385.6249999986,nan,nan,nan,nan,nan,nan,0.5,0.2,30.0,100 V,2.0,False,1
11.2988,nan,0.0001,nan,nan,2281769.9999999995,0.228177,nan,nan,nan,nan,0.5,0.2,30.0,100 V,2.0,False,1
11.3134,-0.0015000000000000007,nan,-3.618651,2412433.9999999986,nan,nan,nan,nan,nan,nan,0.5,0.2,30.0,100 V,2.0,False,1
11.3282,nan,0.0001,nan,nan,2295599.9999999995,0.22956,nan,nan,nan,nan,0.5,0.2,30.0,100 V,2.0,False,1
11.3429,-0.0014000000000000006,nan,-3.385276,2418054.285714285,nan,nan,nan,nan,nan,nan,0.5,0.2,30.0,100 V,2.0,False,1
11.3577,nan,0.0001,nan,nan,2302230.0,0.230223,nan,nan,nan,nan,0.5,0.2,30.0,100 V,2.0,False,1
11.3724,-0.0013000000000000006,nan,-3.147808,2421390.769230768,nan,nan,nan,nan,nan,nan,0.5,0.2,30.0,100 V,2.0,False,1
11.3870,nan,0.0001,nan,nan,2309980.0,0.230998,nan,nan,nan,nan,0.5,0.2,30.0,100 V,2.0,False,1
11.4018,-0.0012000000000000005,nan,-2.910064,2425053.3333333326,nan,nan,nan,nan,nan,nan,0.5,0.2,30.0,100 V,2.0,False,1
11.4165,nan,0.0001,nan,nan,2315510.0,0.231551,nan,nan,nan,nan,0.5,0.2,30.0,100 V,2.0,False,1
11.4312,-0.0011000000000000005,nan,-2.670992,2428174.5454545445,nan,nan,nan,nan,nan,nan,0.5,0.2,30.0,100 V,2.0,False,1
11.4459,nan,0.0001,nan,nan,2324910.0,0.232491,nan,nan,nan,nan,0.5,0.2,30.0,100 V,2.0,False,1
11.4605,-0.0010000000000000005,nan,-2.433911,2433910.999999999,nan,nan,nan,nan,nan,nan,0.5,0.2,30.0,100 V,2.0,False,1
11.4752,nan,0.0001,nan,nan,2332650.0,0.233265,nan,nan,nan,nan,0.5,0.2,30.0,100 V,2.0,False,1
11.4898,-0.0009000000000000004,nan,-2.191964,2435515.5555555546,nan,nan,nan,nan,nan,nan,0.5,0.2,30.0,100 V,2.0,False,1
11.5045,nan,0.0001,nan,nan,2343159.9999999995,0.234316,nan,nan,nan,nan,0.5,0.2,30.0,100 V,2.0,False,1
11.5191,-0.0008000000000000004,nan,-1.952061,2440076.249999999,nan,nan,nan,nan,nan,nan,0.5,0.2,30.0,100 V,2.0,False,1
11.5339,nan,0.0001,nan,nan,2350899.9999999995,0.23509,nan,nan,nan,nan,0.5,0.2,30.0,100 V,2.0,False,1
11.5487,-0.0007000000000000003,nan,-1.710335,2443335.714285713,nan,nan,nan,nan,nan,nan,0.5,0.2,30.0,100 V,2.0,False,1
11.5633,nan,0.0001,nan,nan,2358089.9999999995,0.235809,nan,nan,nan,nan,0.5,0.2,30.0,100 V,2.0,False,1
11.5781,-0.0006000000000000003,nan,-1.469272,2448786.666666665,nan,nan,nan,nan,nan,nan,0.5,0.2,30.0,100 V,2.0,False,1
11.5927,nan,0.0001,nan,nan,2365279.9999999995,0.236528,nan,nan,nan,nan,0.5,0.2,30.0,100 V,2.0,False,1
11.6075,-0.0005000000000000002,nan,-1.227767,2455533.999999999,nan,nan,nan,nan,nan,nan,0.5,0.2,30.0,100 V,2.0,False,1
11.6222,nan,0.0001,nan,nan,2369699.9999999995,0.23697,nan,nan,nan,nan,0.5,0.2,30.0,100 V,2.0,False,1
11.6369,-0.00040000000000000024,nan,-0.984106,2460264.9999999986,nan,nan,nan,nan,nan,nan,0.5,0.2,30.0,100 V,2.0,False,1
11.6514,nan,0.0001,nan,nan,2375780.0,0.237578,nan,nan,nan,nan,0.5,0.2,30.0,100 V,2.0,False,1
11.6661,-0.00030000000000000024,nan,-0.739502,2465006.6666666646,nan,nan,nan,nan,nan,nan,0.5,0.2,30.0,100 V,2.0,False,1
11.6808,nan,0.0001,nan,nan,2388500.0,0.23885,nan,nan,nan,nan,0.5,0.2,30.0,100 V,2.0,False,1
