Tiempo (min),Vdc (V),Freq (Hz),R_ch1 (Ohm),X_ch1 (Ohm),|Z|_ch1 (Ohm),Theta_ch1 (Deg),Vm_ch1 (V),Im_ch1 (A),R_ch2 (Ohm),X_ch2 (Ohm),|Z|_ch2 (Ohm),Theta_ch2 (Deg),Vm_ch2 (V),Im_ch2 (A),Status
0.1153,0.0,20.0,399769.0,-685.672,399769.5880217648,-0.09827193505817512,0.249937,6.25204e-07,nan,nan,nan,nan,nan,nan,0
0.1775,0.0,25.0,515094.0,-4116.23,515110.4465892853,-0.45785349164409667,0.249951,4.85239e-07,nan,nan,nan,nan,nan,nan,0
0.2310,0.0,30.0,506616.0,-90884.9,514703.63948976505,-10.17045137140575,0.249952,4.85624e-07,nan,nan,nan,nan,nan,nan,0
0.2735,0.0,40.0,321500.0,-121509.0,343695.6314546346,-20.703785281548388,0.249932,7.27189e-07,nan,nan,nan,nan,nan,nan,0
0.3105,0.0,50.0,405072.0,-162542.0,436466.7535425808,-21.863959758480277,0.249947,5.72659e-07,nan,nan,nan,nan,nan,nan,0
0.3430,0.0,60.0,299493.0,-6484.62,299563.1942437929,-1.2403739434940555,0.249917,8.34271e-07,nan,nan,nan,nan,nan,nan,0
0.3708,0.0,75.0,529920.0,6223.02,529956.5381971623,0.6728117319180712,0.249953,4.71648e-07,nan,nan,nan,nan,nan,nan,0
0.3942,0.0,100.0,490425.0,12603.0,490586.9099700888,1.4720697675896974,0.249949,5.0949e-07,nan,nan,nan,nan,nan,nan,0
0.4142,0.0,120.0,489369.0,23147.5,489916.1406988445,2.7081124482826637,0.249949,5.10188e-07,nan,nan,nan,nan,nan,nan,0
0.4349,0.0,150.0,488390.0,33942.0,489568.0253693045,3.9755347398918452,0.249949,5.1055e-07,nan,nan,nan,nan,nan,nan,0
0.4543,0.0,200.0,475728.0,49124.5,478257.6151868886,5.895566233701767,0.249948,5.22622e-07,nan,nan,nan,nan,nan,nan,0
0.4730,0.0,250.0,474155.0,68724.6,479109.62698547397,8.247088212894742,0.249948,5.21693e-07,nan,nan,nan,nan,nan,nan,0
0.4911,0.0,300.0,465472.0,83901.8,472973.24958948785,10.217903801663306,0.249948,5.28461e-07,nan,nan,nan,nan,nan,nan,0
0.5086,0.0,400.0,454599.0,116423.0,469270.24807673454,14.36473678855863,0.249948,5.32632e-07,nan,nan,nan,nan,nan,nan,0
0.5249,0.0,500.0,436938.0,140833.0,459073.7955198489,17.865067523198896,0.249948,5.44461e-07,nan,nan,nan,nan,nan,nan,0
0.5409,0.0,600.0,418855.0,164167.0,449878.1111745714,21.40231469132562,0.249948,5.55591e-07,nan,nan,nan,nan,nan,nan,0
0.5566,0.0,750.0,401337.0,191422.0,444650.16547056404,25.499310394499815,0.249949,5.62126e-07,nan,nan,nan,nan,nan,nan,0
0.5716,0.0,1000.0,338163.0,230151.0,409052.19394351135,34.23888611924932,0.249949,6.11045e-07,nan,nan,nan,nan,nan,nan,0
0.5865,0.0,1200.0,300049.0,243474.0,386405.2161617387,39.05751473638855,0.24995,6.4686e-07,nan,nan,nan,nan,nan,nan,0
0.6013,0.0,1500.0,246730.0,256120.0,355630.6332418511,46.06979188223724,0.249951,7.02839e-07,nan,nan,nan,nan,nan,nan,0
0.6160,0.0,2000.0,175997.0,251258.0,306766.24092784396,54.990169350276034,0.249953,8.14801e-07,nan,nan,nan,nan,nan,nan,0
0.6306,0.0,2500.0,130722.0,235466.0,269318.5445527285,60.96258791562141,0.249955,9.28101e-07,nan,nan,nan,nan,nan,nan,0
0.6455,0.0,3000.0,99898.5,216242.0,238202.25201758693,65.20422107946933,0.249956,1.04934e-06,nan,nan,nan,nan,nan,nan,0
0.6601,0.0,4000.0,60021.7,181006.0,190698.12926950803,71.65444753887267,0.249959,1.31076e-06,nan,nan,nan,nan,nan,nan,0
0.6746,0.0,5000.0,39417.9,153537.0,158516.18595402176,75.60129580731947,0.249961,1.57688e-06,nan,nan,nan,nan,nan,nan,0
0.6892,0.0,6000.0,26325.6,131701.0,134306.33125940117,78.69617500991613,0.249963,1.86115e-06,nan,nan,nan,nan,nan,nan,0
0.7037,0.0,7500.0,17558.4,108763.0,110171.1739955602,80.82944807488961,0.249964,2.26887e-06,nan,nan,nan,nan,nan,nan,0
0.7183,0.0,10000.0,9807.24,83571.2,84144.68150666208,83.30684364116142,0.249965,2.97066e-06,nan,nan,nan,nan,nan,nan,0
0.7325,0.0,12000.0,6622.16,70308.1,70619.2744842058,84.61931467269005,0.249967,3.53964e-06,nan,nan,nan,nan,nan,nan,0
0.7467,0.0,15000.0,4574.25,56884.7,57068.3174550687,85.40258623323949,0.249965,4.38009e-06,nan,nan,nan,nan,nan,nan,0
0.7610,0.0,20000.0,2282.44,42801.2,42862.01411265691,86.9475054823269,0.249968,5.83193e-06,nan,nan,nan,nan,nan,nan,0
0.7752,0.0,25000.0,1412.2,34398.2,34427.17635938213,87.64907213510314,0.249969,7.26081e-06,nan,nan,nan,nan,nan,nan,0
0.7897,0.0,30000.0,964.283,28630.4,28646.634110556326,88.07098506053784,0.249969,8.72596e-06,nan,nan,nan,nan,nan,nan,0
0.8039,0.0,40000.0,474.856,21504.3,21509.542224574096,88.73500538085582,0.249972,1.16215e-05,nan,nan,nan,nan,nan,nan,0
0.8180,0.0,50000.0,149.187,17234.0,17234.645710340814,89.50402855077816,0.249983,1.45047e-05,nan,nan,nan,nan,nan,nan,0
0.8322,0.0,60000.0,60.8481,14369.6,14369.728830123191,89.75738235693717,0.249987,1.73967e-05,nan,nan,nan,nan,nan,nan,0
0.8463,0.0,75000.0,-23.8462,11531.7,11531.724655542832,90.11848076779255,0.249995,2.16789e-05,nan,nan,nan,nan,nan,nan,0
0.8607,0.0,100000.0,-105.922,8668.88,8669.527087706918,90.70004216990904,0.250019,2.88388e-05,nan,nan,nan,nan,nan,nan,0
0.8748,0.0,120000.0,-134.372,7236.87,7238.117381701129,91.06372836686032,0.25004,3.45449e-05,nan,nan,nan,nan,nan,nan,0
0.8890,0.0,150000.0,-145.608,5796.77,5798.598461918536,91.43889957678577,0.250071,4.31261e-05,nan,nan,nan,nan,nan,nan,0
0.9031,0.0,200000.0,-113.277,4112.4,4113.959824637207,91.57782639861122,0.250094,6.07914e-05,nan,nan,nan,nan,nan,nan,0
0.9960,0.1,20.0,385044.0,-4599.25,385071.4674402175,-0.6843505739162867,0.249935,6.49061e-07,nan,nan,nan,nan,nan,nan,0
1.0582,0.1,25.0,527498.0,-6079.08,527533.0276083635,-0.6602683023319682,0.249953,4.73814e-07,nan,nan,nan,nan,nan,nan,0
1.1119,0.1,30.0,511635.0,-34705.6,512810.7369160283,-3.880584675176168,0.249951,4.87415e-07,nan,nan,nan,nan,nan,nan,0
1.1543,0.1,40.0,389188.0,-12574.6,389391.0886360395,-1.8505733984691202,0.249936,6.41863e-07,nan,nan,nan,nan,nan,nan,0
1.1913,0.1,50.0,386126.0,95987.4,397877.9572114545,13.960230596799548,0.249939,6.28181e-07,nan,nan,nan,nan,nan,nan,0
1.2240,0.1,60.0,494063.0,-241743.0,550034.4771175713,-26.072313723036334,0.249959,4.54443e-07,nan,nan,nan,nan,nan,nan,0
1.2519,0.1,75.0,665908.0,114270.0,675641.2490101533,9.737135648961031,0.249964,3.69965e-07,nan,nan,nan,nan,nan,nan,0
1.2754,0.1,100.0,506770.0,-933.547,506770.8598666672,-0.10554737370534414,0.249951,4.93223e-07,nan,nan,nan,nan,nan,nan,0
1.2954,0.1,120.0,476040.0,10116.4,476147.48046058166,1.2174182675233232,0.249948,5.24937e-07,nan,nan,nan,nan,nan,nan,0
1.3162,0.1,150.0,495112.0,-26561.2,495823.95050001366,-3.070794539650427,0.24995,5.04109e-07,nan,nan,nan,nan,nan,nan,0
1.3356,0.1,200.0,477337.0,45634.2,479513.39061452704,5.460973666304313,0.249948,5.21253e-07,nan,nan,nan,nan,nan,nan,0
1.3542,0.1,250.0,455851.0,85736.3,463843.5591217043,10.65173588648841,0.249947,5.38861e-07,nan,nan,nan,nan,nan,nan,0
1.3724,0.1,300.0,460528.0,89937.2,469227.8111193325,11.050297554198174,0.249948,5.32679e-07,nan,nan,nan,nan,nan,nan,0
1.3899,0.1,400.0,454380.0,113873.0,468431.68608560204,14.069231523582951,0.249948,5.33585e-07,nan,nan,nan,nan,nan,nan,0
1.4061,0.1,500.0,440003.0,146209.0,463659.0468113396,18.38117853128401,0.249949,5.39079e-07,nan,nan,nan,nan,nan,nan,0
1.4220,0.1,600.0,418146.0,167080.0,450290.79905767564,21.780333135251162,0.249948,5.55082e-07,nan,nan,nan,nan,nan,nan,0
1.4377,0.1,750.0,387467.0,184620.0,429203.00615093554,25.476832488993395,0.249947,5.82353e-07,nan,nan,nan,nan,nan,nan,0
1.4528,0.1,1000.0,338439.0,231798.0,410208.81210061786,34.40737356565088,0.24995,6.09322e-07,nan,nan,nan,nan,nan,nan,0
1.4677,0.1,1200.0,298050.0,247869.0,387650.41424071766,39.74811722026304,0.24995,6.44783e-07,nan,nan,nan,nan,nan,nan,0
1.4825,0.1,1500.0,241532.0,258198.0,353558.9261042634,46.91010681763758,0.249952,7.06959e-07,nan,nan,nan,nan,nan,nan,0
1.4971,0.1,2000.0,176571.0,251256.0,307094.27799455984,54.90223997871221,0.249953,8.1393e-07,nan,nan,nan,nan,nan,nan,0
1.5117,0.1,2500.0,127314.0,235137.0,267391.59179936827,61.56684523538915,0.249955,9.34791e-07,nan,nan,nan,nan,nan,nan,0
1.5263,0.1,3000.0,94447.8,215904.0,235658.4904917283,66.37289427692225,0.249957,1.06068e-06,nan,nan,nan,nan,nan,nan,0
1.5409,0.1,4000.0,55042.5,178446.0,186742.20659039562,72.85737778438127,0.249961,1.33853e-06,nan,nan,nan,nan,nan,nan,0
1.5553,0.1,5000.0,36965.2,152514.0,156929.74927348862,76.37580504757028,0.249962,1.59283e-06,nan,nan,nan,nan,nan,nan,0
1.5699,0.1,6000.0,24558.7,132687.0,134940.6155117502,79.51393659041845,0.249966,1.85242e-06,nan,nan,nan,nan,nan,nan,0
1.5844,0.1,7500.0,15232.0,108504.0,109567.93253502596,82.00892889948132,0.249968,2.2814e-06,nan,nan,nan,nan,nan,nan,0
1.5987,0.1,10000.0,9652.52,83525.1,84080.99352624468,83.40789545405458,0.249966,2.97292e-06,nan,nan,nan,nan,nan,nan,0
1.6129,0.1,12000.0,6418.47,70333.5,70625.76002699652,84.78576438757712,0.249968,3.53932e-06,nan,nan,nan,nan,nan,nan,0
1.6271,0.1,15000.0,4269.15,56787.1,56947.34733183364,85.70069577658899,0.249967,4.38944e-06,nan,nan,nan,nan,nan,nan,0
1.6413,0.1,20000.0,2355.5,42817.9,42882.64148417166,86.85121617689096,0.249967,5.8291e-06,nan,nan,nan,nan,nan,nan,0
1.6555,0.1,25000.0,1528.73,34341.0,34375.009766004434,87.45109382022711,0.249967,7.27175e-06,nan,nan,nan,nan,nan,nan,0
1.6698,0.1,30000.0,963.333,28643.6,28659.79468574206,88.07377148424823,0.249969,8.72196e-06,nan,nan,nan,nan,nan,nan,0
1.6840,0.1,40000.0,433.983,21506.6,21510.978239129174,88.84398184337051,0.249974,1.16208e-05,nan,nan,nan,nan,nan,nan,0
1.6982,0.1,50000.0,178.137,17220.4,17221.32134741028,89.40732304505977,0.249981,1.45158e-05,nan,nan,nan,nan,nan,nan,0
1.7123,0.1,60000.0,57.9804,14368.6,14368.716981233369,89.76880042705545,0.249987,1.73979e-05,nan,nan,nan,nan,nan,nan,0
1.7264,0.1,75000.0,-10.4512,11532.0,11532.004735846298,90.05192590070283,0.249993,2.16782e-05,nan,nan,nan,nan,nan,nan,0
1.7406,0.1,100000.0,-81.3859,8670.11,8670.491974324112,90.53781689358559,0.25001,2.88346e-05,nan,nan,nan,nan,nan,nan,0
1.7547,0.1,120000.0,-104.485,7234.51,7235.264477220236,90.82744143465078,0.250026,3.45566e-05,nan,nan,nan,nan,nan,nan,0
1.7689,0.1,150000.0,-125.337,5788.58,5789.936768218544,91.24040078361551,0.250056,4.31881e-05,nan,nan,nan,nan,nan,nan,0
1.7831,0.1,200000.0,-98.1356,4102.29,4103.463639425523,91.37037690931032,0.250072,6.09416e-05,nan,nan,nan,nan,nan,nan,0
1.8759,0.2,20.0,399890.0,13149.5,400106.13773129,1.8833666254922796,0.249938,6.24679e-07,nan,nan,nan,nan,nan,nan,0
1.9381,0.2,25.0,517778.0,-5700.85,517809.3828569761,-0.6308136823891766,0.249952,4.8271e-07,nan,nan,nan,nan,nan,nan,0
1.9917,0.2,30.0,539428.0,-54307.8,542154.8711621432,-5.74897548015722,0.249954,4.61039e-07,nan,nan,nan,nan,nan,nan,0
2.0342,0.2,40.0,348306.0,-93640.1,360673.7278538735,-15.047842311885526,0.249933,6.92962e-07,nan,nan,nan,nan,nan,nan,0
2.0712,0.2,50.0,391728.0,103117.0,405072.76096153393,14.747760083158912,0.24994,6.17026e-07,nan,nan,nan,nan,nan,nan,0
2.1038,0.2,60.0,475774.0,-196283.0,514672.6291197153,-22.41884636899804,0.249955,4.85659e-07,nan,nan,nan,nan,nan,nan,0
2.1316,0.2,75.0,470866.0,-108179.0,483132.9899696356,-12.938874758549499,0.24995,5.17351e-07,nan,nan,nan,nan,nan,nan,0
2.1550,0.2,100.0,503666.0,-9857.88,503762.4612395155,-1.1212645159622696,0.24995,4.96167e-07,nan,nan,nan,nan,nan,nan,0
2.1752,0.2,120.0,479324.0,5705.94,479357.960951191,0.6820247655409725,0.249948,5.21423e-07,nan,nan,nan,nan,nan,nan,0
2.1960,0.2,150.0,538047.0,61978.8,541604.9721507734,6.57106282293334,0.249954,4.61507e-07,nan,nan,nan,nan,nan,nan,0
2.2155,0.2,200.0,461373.0,46209.5,463681.3162283445,5.719470409935782,0.249946,5.39048e-07,nan,nan,nan,nan,nan,nan,0
2.2341,0.2,250.0,451853.0,35997.1,453284.59583070985,4.554877803158533,0.249945,5.51409e-07,nan,nan,nan,nan,nan,nan,0
2.2524,0.2,300.0,459961.0,82963.8,467383.2620360297,10.224583067521259,0.249947,5.34781e-07,nan,nan,nan,nan,nan,nan,0
2.2699,0.2,400.0,443065.0,114571.0,457638.62191253045,14.49837577286115,0.249947,5.46168e-07,nan,nan,nan,nan,nan,nan,0
2.2861,0.2,500.0,427857.0,143128.0,451162.0959621941,18.496272635378773,0.249947,5.54008e-07,nan,nan,nan,nan,nan,nan,0
2.3020,0.2,600.0,419728.0,167940.0,452079.0169693789,21.807151961317878,0.249949,5.52887e-07,nan,nan,nan,nan,nan,nan,0
2.3177,0.2,750.0,400873.0,179874.0,439378.9002728738,24.166045654183538,0.249948,5.68866e-07,nan,nan,nan,nan,nan,nan,0
2.3327,0.2,1000.0,335070.0,229610.0,406192.8815230518,34.42127351226974,0.249949,6.15345e-07,nan,nan,nan,nan,nan,nan,0
2.3476,0.2,1200.0,295348.0,251197.0,387724.61091991566,40.381560958634694,0.249951,6.4466e-07,nan,nan,nan,nan,nan,nan,0
2.3623,0.2,1500.0,241679.0,257366.0,353052.39978932304,46.800444918926964,0.249952,7.07973e-07,nan,nan,nan,nan,nan,nan,0
2.3771,0.2,2000.0,172301.0,250852.0,304326.0759530803,55.51626114094841,0.249953,8.21334e-07,nan,nan,nan,nan,nan,nan,0
2.3917,0.2,2500.0,129754.0,236243.0,269530.80633760587,61.222668311517936,0.249955,9.2737e-07,nan,nan,nan,nan,nan,nan,0
2.4062,0.2,3000.0,97502.6,216016.0,237001.41194254518,65.70713088097276,0.249957,1.05466e-06,nan,nan,nan,nan,nan,nan,0
2.4208,0.2,4000.0,57693.1,180051.0,189068.39077066796,72.23316773890886,0.24996,1.32206e-06,nan,nan,nan,nan,nan,nan,0
2.4353,0.2,5000.0,37977.5,152821.0,157469.1987254968,76.04415005745889,0.249962,1.58737e-06,nan,nan,nan,nan,nan,nan,0
2.4498,0.2,6000.0,25474.6,131146.0,133597.26255114662,79.00740943113053,0.249964,1.87103e-06,nan,nan,nan,nan,nan,nan,0
2.4644,0.2,7500.0,15719.0,108424.0,109557.52250302122,81.7508963244387,0.249967,2.2816e-06,nan,nan,nan,nan,nan,nan,0
2.4786,0.2,10000.0,8440.51,83214.0,83640.97085197002,84.20821897330916,0.24997,2.9886e-06,nan,nan,nan,nan,nan,nan,0
2.4928,0.2,12000.0,5323.42,69888.2,70090.65058719601,85.64416223899173,0.249973,3.56642e-06,nan,nan,nan,nan,nan,nan,0
2.5070,0.2,15000.0,3927.77,56782.5,56918.18411916266,86.04302839399226,0.249969,4.39173e-06,nan,nan,nan,nan,nan,nan,0
2.5213,0.2,20000.0,2147.42,42896.0,42949.71744559445,87.1341040023825,0.24997,5.82007e-06,nan,nan,nan,nan,nan,nan,0
2.5356,0.2,25000.0,1423.88,34419.2,34448.6394926476,87.6310947684527,0.249969,7.25628e-06,nan,nan,nan,nan,nan,nan,0
2.5498,0.2,30000.0,945.369,28693.2,28708.769544969375,88.1129303484413,0.24997,8.70709e-06,nan,nan,nan,nan,nan,nan,0
2.5639,0.2,40000.0,414.805,21508.4,21512.399534873486,88.89514655176966,0.249975,1.16201e-05,nan,nan,nan,nan,nan,nan,0
2.5781,0.2,50000.0,119.22,17242.1,17242.51216668847,89.60383630899648,0.249986,1.44982e-05,nan,nan,nan,nan,nan,nan,0
2.5923,0.2,60000.0,22.6133,14368.2,14368.217794888025,89.90982547701873,0.249991,1.73988e-05,nan,nan,nan,nan,nan,nan,0
2.6064,0.2,75000.0,-0.31398,11537.8,11537.800004272194,90.00155919922751,0.249991,2.16671e-05,nan,nan,nan,nan,nan,nan,0
2.6206,0.2,100000.0,-91.1464,8680.05,8680.528536254746,90.60162235310766,0.250014,2.88017e-05,nan,nan,nan,nan,nan,nan,0
2.6347,0.2,120000.0,-112.14,7238.17,7239.038632891801,90.88760483862833,0.25003,3.45391e-05,nan,nan,nan,nan,nan,nan,0
2.6489,0.2,150000.0,-120.456,5788.74,5789.99312914411,91.19207712556114,0.250053,4.3187e-05,nan,nan,nan,nan,nan,nan,0
2.6630,0.2,200000.0,-97.1085,4104.19,4105.338672615482,91.35541221644147,0.25007,6.09133e-05,nan,nan,nan,nan,nan,nan,0
2.7558,0.3,20.0,399243.0,-32029.1,400525.6999192561,-4.586706405213516,0.249938,6.24024e-07,nan,nan,nan,nan,nan,nan,0
2.8180,0.3,25.0,521330.0,-7316.18,521381.33394838026,-0.8040180320236581,0.249952,4.79403e-07,nan,nan,nan,nan,nan,nan,0
2.8717,0.3,30.0,558581.0,49888.6,560804.4275600541,5.103721852339397,0.249956,4.45709e-07,nan,nan,nan,nan,nan,nan,0
2.9141,0.3,40.0,363990.0,-334533.0,494369.3439008936,-42.58524433701031,0.249963,5.05619e-07,nan,nan,nan,nan,nan,nan,0
2.9512,0.3,50.0,384534.0,-173587.0,421899.09187505965,-24.295450307329293,0.249946,5.92431e-07,nan,nan,nan,nan,nan,nan,0
2.9838,0.3,60.0,440373.0,-91309.0,449739.60533846694,-11.713989028724255,0.249946,5.55756e-07,nan,nan,nan,nan,nan,nan,0
3.0118,0.3,75.0,583042.0,55324.6,585660.9813955169,5.420541397446682,0.249958,4.26795e-07,nan,nan,nan,nan,nan,nan,0
3.0353,0.3,100.0,485794.0,-10815.9,485914.3897116137,-1.2754440268686422,0.249949,5.14388e-07,nan,nan,nan,nan,nan,nan,0
3.0554,0.3,120.0,482799.0,10541.5,482914.0685704342,1.250805217603589,0.249948,5.17584e-07,nan,nan,nan,nan,nan,nan,0
3.0762,0.3,150.0,436899.0,50498.8,439807.75914306013,6.593252622836807,0.249944,5.68302e-07,nan,nan,nan,nan,nan,nan,0
3.0956,0.3,200.0,468293.0,48850.2,470834.0215925778,5.955296678046376,0.249947,5.3086e-07,nan,nan,nan,nan,nan,nan,0
3.1143,0.3,250.0,507642.0,76484.8,513371.5270591465,8.568126559019912,0.249952,4.86883e-07,nan,nan,nan,nan,nan,nan,0
3.1324,0.3,300.0,465626.0,86589.3,473608.7823831923,10.534569836006163,0.249948,5.27753e-07,nan,nan,nan,nan,nan,nan,0
3.1499,0.3,400.0,453117.0,111961.0,466744.3424509825,13.87925150340589,0.249948,5.35513e-07,nan,nan,nan,nan,nan,nan,0
3.1662,0.3,500.0,432327.0,146943.0,456616.77605843614,18.77230943743991,0.249948,5.47391e-07,nan,nan,nan,nan,nan,nan,0
3.1822,0.3,600.0,417633.0,165556.0,449250.6113796619,21.624118983231334,0.249948,5.56367e-07,nan,nan,nan,nan,nan,nan,0
3.1978,0.3,750.0,389215.0,173948.0,426317.04508382024,24.080826816838506,0.249946,5.86292e-07,nan,nan,nan,nan,nan,nan,0
3.2129,0.3,1000.0,336115.0,232552.0,408722.06440196006,34.6786717577713,0.24995,6.11539e-07,nan,nan,nan,nan,nan,nan,0
3.2278,0.3,1200.0,298081.0,244997.0,385844.2853924365,39.41727009646594,0.24995,6.47801e-07,nan,nan,nan,nan,nan,nan,0
3.2426,0.3,1500.0,241807.0,259118.0,354418.9091640004,46.979243760369265,0.249952,7.05244e-07,nan,nan,nan,nan,nan,nan,0
3.2573,0.3,2000.0,174356.0,248641.0,303681.3488131927,54.960481947408475,0.249953,8.23076e-07,nan,nan,nan,nan,nan,nan,0
3.2718,0.3,2500.0,127882.0,234830.0,267392.8473688105,61.42849655077954,0.249955,9.34788e-07,nan,nan,nan,nan,nan,nan,0
3.2865,0.3,3000.0,98418.8,215049.0,236500.1746182019,65.40844084334039,0.249956,1.05689e-06,nan,nan,nan,nan,nan,nan,0
3.3010,0.3,4000.0,56921.4,181188.0,189918.7645335763,72.55954624375158,0.249961,1.31614e-06,nan,nan,nan,nan,nan,nan,0
3.3155,0.3,5000.0,36601.9,152747.0,157071.14659481542,76.52461960756159,0.249963,1.5914e-06,nan,nan,nan,nan,nan,nan,0
3.3300,0.3,6000.0,25736.7,131382.0,133879.07846594253,78.91655636081698,0.249964,1.86709e-06,nan,nan,nan,nan,nan,nan,0
3.3445,0.3,7500.0,15374.2,108088.0,109175.92119895302,81.90467632435876,0.249968,2.28959e-06,nan,nan,nan,nan,nan,nan,0
3.3587,0.3,10000.0,8791.62,83426.0,83887.96134264082,83.98424514950538,0.249969,2.97979e-06,nan,nan,nan,nan,nan,nan,0
3.3729,0.3,12000.0,6547.54,70277.1,70581.44986086359,84.67726214419262,0.249967,3.54154e-06,nan,nan,nan,nan,nan,nan,0
3.3872,0.3,15000.0,3727.39,56585.6,56708.231885433524,86.23127390779925,0.249971,4.40801e-06,nan,nan,nan,nan,nan,nan,0
3.4014,0.3,20000.0,1929.5,42818.2,42861.65210873234,87.41984793697932,0.249973,5.83209e-06,nan,nan,nan,nan,nan,nan,0
3.4157,0.3,25000.0,1381.0,34459.2,34486.861638020935,87.70502069941071,0.24997,7.24826e-06,nan,nan,nan,nan,nan,nan,0
3.4299,0.3,30000.0,885.705,28692.6,28706.267052806168,88.2319117491735,0.249972,8.70791e-06,nan,nan,nan,nan,nan,nan,0
3.4440,0.3,40000.0,425.834,21516.7,21520.913398031134,88.86621525281863,0.249974,1.16154e-05,nan,nan,nan,nan,nan,nan,0
3.4582,0.3,50000.0,161.792,17257.3,17258.058405894448,89.46285182646469,0.249982,1.44849e-05,nan,nan,nan,nan,nan,nan,0
3.4724,0.3,60000.0,62.4641,14407.6,14407.735405808535,89.75159590233498,0.249986,1.73509e-05,nan,nan,nan,nan,nan,nan,0
3.4865,0.3,75000.0,0.848099,11558.4,11558.400031114683,89.99579591524588,0.24999,2.16284e-05,nan,nan,nan,nan,nan,nan,0
3.5008,0.3,100000.0,-77.3759,8690.08,8690.424468131623,90.51014436620414,0.250009,2.87683e-05,nan,nan,nan,nan,nan,nan,0
3.5149,0.3,120000.0,-103.61,7243.92,7244.660930540504,90.81944733620635,0.250026,3.45117e-05,nan,nan,nan,nan,nan,nan,0
3.5291,0.3,150000.0,-125.125,5795.36,5796.710601300102,91.23685513148308,0.250056,4.31375e-05,nan,nan,nan,nan,nan,nan,0
3.5432,0.3,200000.0,-97.492,4109.66,4110.816221343884,91.3589524793299,0.25007,6.08323e-05,nan,nan,nan,nan,nan,nan,0
3.6361,0.4,20.0,392544.0,-43012.8,394893.52096462663,-6.253207679411124,0.249937,6.32923e-07,nan,nan,nan,nan,nan,nan,0
3.6983,0.4,25.0,516024.0,-9743.21,516115.9740960399,-1.081690943197459,0.249952,4.84294e-07,nan,nan,nan,nan,nan,nan,0
3.7519,0.4,30.0,557190.0,11469.3,557308.030574197,1.1792201856950038,0.249955,4.48504e-07,nan,nan,nan,nan,nan,nan,0
3.7943,0.4,40.0,340842.0,-97847.4,354608.7740746977,-16.01747753318319,0.249932,7.0481e-07,nan,nan,nan,nan,nan,nan,0
3.8313,0.4,50.0,366449.0,100980.0,380107.65580424713,15.406267622439795,0.249937,6.57541e-07,nan,nan,nan,nan,nan,nan,0
3.8639,0.4,60.0,462842.0,-189284.0,500051.14700398396,-22.242612511869716,0.249954,4.99856e-07,nan,nan,nan,nan,nan,nan,0
3.8919,0.4,75.0,653928.0,67290.8,657381.0774190569,5.8751975799945155,0.249962,3.80239e-07,nan,nan,nan,nan,nan,nan,0
3.9153,0.4,100.0,495957.0,10206.3,496062.00661680393,1.178923546150235,0.24995,5.03867e-07,nan,nan,nan,nan,nan,nan,0
3.9354,0.4,120.0,486964.0,11889.3,487109.1179094167,1.3986072975906376,0.249949,5.13127e-07,nan,nan,nan,nan,nan,nan,0
3.9561,0.4,150.0,516372.0,75163.7,521813.7830507067,8.281873943891112,0.249953,4.79007e-07,nan,nan,nan,nan,nan,nan,0
3.9755,0.4,200.0,476326.0,41788.2,478155.53111434355,5.013736564316017,0.249948,5.22733e-07,nan,nan,nan,nan,nan,nan,0
3.9942,0.4,250.0,457476.0,85378.3,465374.84320372326,10.571439333980058,0.249947,5.37088e-07,nan,nan,nan,nan,nan,nan,0
4.0123,0.4,300.0,459030.0,94188.9,468593.7363892202,11.595636987079304,0.249948,5.334e-07,nan,nan,nan,nan,nan,nan,0
4.0298,0.4,400.0,451662.0,117139.0,466604.8730617802,14.539381298813538,0.249948,5.35674e-07,nan,nan,nan,nan,nan,nan,0
4.0460,0.4,500.0,434153.0,150223.0,459408.0725651216,19.08633455248385,0.249949,5.44067e-07,nan,nan,nan,nan,nan,nan,0
4.0619,0.4,600.0,422010.0,167694.0,454107.60589974705,21.671375099738242,0.249949,5.50417e-07,nan,nan,nan,nan,nan,nan,0
4.0776,0.4,750.0,390605.0,194959.0,436556.15641747625,26.524728042429317,0.249949,5.72547e-07,nan,nan,nan,nan,nan,nan,0
4.0926,0.4,1000.0,335157.0,236090.0,409961.83084404335,35.16148432063485,0.24995,6.09692e-07,nan,nan,nan,nan,nan,nan,0
4.1074,0.4,1200.0,298244.0,246191.0,386729.2231225874,39.538596554995785,0.24995,6.46318e-07,nan,nan,nan,nan,nan,nan,0
4.1221,0.4,1500.0,244606.0,256314.0,354300.6658644604,46.33893011086379,0.249951,7.05478e-07,nan,nan,nan,nan,nan,nan,0
4.1368,0.4,2000.0,174492.0,251626.0,306207.61247885396,55.26032643554774,0.249953,8.16288e-07,nan,nan,nan,nan,nan,nan,0
4.1514,0.4,2500.0,127132.0,231979.0,264531.2871193122,61.275832623470166,0.249955,9.44894e-07,nan,nan,nan,nan,nan,nan,0
4.1660,0.4,3000.0,93637.4,215142.0,234635.9794293279,66.47962262459565,0.249957,1.0653e-06,nan,nan,nan,nan,nan,nan,0
4.1806,0.4,4000.0,57051.9,178953.0,187827.30233544324,72.31722918270457,0.24996,1.33079e-06,nan,nan,nan,nan,nan,nan,0
4.1950,0.4,5000.0,36658.5,152772.0,157108.65541481157,76.50667103491068,0.249963,1.59102e-06,nan,nan,nan,nan,nan,nan,0
4.2095,0.4,6000.0,24821.5,131659.0,133978.35326368958,79.32341697076725,0.249965,1.86571e-06,nan,nan,nan,nan,nan,nan,0
4.2241,0.4,7500.0,16468.0,108968.0,110205.3539897223,81.40609698406105,0.249966,2.26819e-06,nan,nan,nan,nan,nan,nan,0
4.2384,0.4,10000.0,8534.7,83465.7,83900.918830368,84.16157072377354,0.24997,2.97934e-06,nan,nan,nan,nan,nan,nan,0
4.2527,0.4,12000.0,6063.59,70416.4,70676.98715033132,85.07837361077985,0.249969,3.53678e-06,nan,nan,nan,nan,nan,nan,0
4.2670,0.4,15000.0,4140.66,56816.5,56967.18123170217,85.83178012836912,0.249968,4.38793e-06,nan,nan,nan,nan,nan,nan,0
4.2813,0.4,20000.0,2222.41,42961.7,43019.144262736096,87.03872721573437,0.249969,5.81065e-06,nan,nan,nan,nan,nan,nan,0
4.2955,0.4,25000.0,1472.16,34436.5,34467.95304794876,87.55209655510808,0.249968,7.25218e-06,nan,nan,nan,nan,nan,nan,0
4.3097,0.4,30000.0,897.684,28768.2,28782.202275084095,88.21272026686795,0.249971,8.68493e-06,nan,nan,nan,nan,nan,nan,0
4.3238,0.4,40000.0,430.794,21568.3,21572.601798587853,88.8557560622116,0.249974,1.15876e-05,nan,nan,nan,nan,nan,nan,0
4.3379,0.4,50000.0,160.549,17272.9,17273.646123253802,89.46745970788749,0.249982,1.44719e-05,nan,nan,nan,nan,nan,nan,0
4.3521,0.4,60000.0,80.8111,14416.6,14416.826488304672,89.67883644724536,0.249984,1.73397e-05,nan,nan,nan,nan,nan,nan,0
4.3662,0.4,75000.0,-4.0782,11575.9,11575.900718376744,90.02018535391142,0.249991,2.15959e-05,nan,nan,nan,nan,nan,nan,0
4.3804,0.4,100000.0,-71.6876,8696.48,8696.775465791545,90.47229498511885,0.250007,2.87471e-05,nan,nan,nan,nan,nan,nan,0
4.3945,0.4,120000.0,-103.919,7247.01,7247.755038538555,90.82154047803718,0.250026,3.4497e-05,nan,nan,nan,nan,nan,nan,0
4.4087,0.4,150000.0,-112.462,5805.25,5806.339230870342,91.10982163719301,0.250046,4.30644e-05,nan,nan,nan,nan,nan,nan,0
4.4228,0.4,200000.0,-92.9036,4111.49,4112.5394951286435,91.29444034078193,0.250063,6.08052e-05,nan,nan,nan,nan,nan,nan,0
4.5156,0.5,20.0,383277.0,-37179.4,385076.052895217,-5.540584324135896,0.249935,6.49055e-07,nan,nan,nan,nan,nan,nan,0
4.5778,0.5,25.0,520843.0,-3689.8,520856.06963252334,-0.4058928135165202,0.249952,4.79887e-07,nan,nan,nan,nan,nan,nan,0
4.6314,0.5,30.0,559609.0,34369.7,560663.4544529276,3.514540139784984,0.249955,4.45821e-07,nan,nan,nan,nan,nan,nan,0
4.6738,0.5,40.0,304276.0,-183070.0,355103.5188166966,-31.033543348620718,0.24994,7.03851e-07,nan,nan,nan,nan,nan,nan,0
4.7108,0.5,50.0,366713.0,-87334.3,376969.10261384817,-13.395703444093689,0.249936,6.63013e-07,nan,nan,nan,nan,nan,nan,0
4.7434,0.5,60.0,325452.0,-43022.2,328283.2831516707,-7.530390965897078,0.249925,7.61307e-07,nan,nan,nan,nan,nan,nan,0
4.7714,0.5,75.0,446425.0,-92486.4,455904.61152521806,-11.7044582204176,0.249946,5.48242e-07,nan,nan,nan,nan,nan,nan,0
4.7948,0.5,100.0,501740.0,-6455.47,501781.52685498586,-0.737136322652166,0.24995,4.98125e-07,nan,nan,nan,nan,nan,nan,0
4.8150,0.5,120.0,479954.0,6479.41,479997.73423418164,0.773449738895837,0.249948,5.20727e-07,nan,nan,nan,nan,nan,nan,0
4.8358,0.5,150.0,442127.0,42157.4,444132.3344497223,5.44676184201519,0.249944,5.62769e-07,nan,nan,nan,nan,nan,nan,0
4.8552,0.5,200.0,479019.0,44276.1,481060.8853276371,5.2808887231599755,0.249948,5.19577e-07,nan,nan,nan,nan,nan,nan,0
4.8738,0.5,250.0,494997.0,31355.6,495989.1164736984,3.624560108764088,0.24995,5.03942e-07,nan,nan,nan,nan,nan,nan,0
4.8919,0.5,300.0,462601.0,87504.0,470804.24298958905,10.711316447954198,0.249948,5.30895e-07,nan,nan,nan,nan,nan,nan,0
4.9093,0.5,400.0,447404.0,112733.0,461388.19718865806,14.142501193706336,0.249947,5.4173e-07,nan,nan,nan,nan,nan,nan,0
4.9257,0.5,500.0,432787.0,142965.0,455788.96278211917,18.280233906329862,0.249948,5.48385e-07,nan,nan,nan,nan,nan,nan,0
4.9416,0.5,600.0,422585.0,164748.0,453563.6512431304,21.298704568573456,0.249949,5.51077e-07,nan,nan,nan,nan,nan,nan,0
4.9573,0.5,750.0,390270.0,181589.0,430447.7178717527,24.952120691899978,0.249947,5.80668e-07,nan,nan,nan,nan,nan,nan,0
4.9724,0.5,1000.0,341188.0,220164.0,406055.9545678403,32.83360581444079,0.249948,6.15551e-07,nan,nan,nan,nan,nan,nan,0
4.9874,0.5,1200.0,301252.0,244529.0,388004.12284536357,39.066553725617084,0.24995,6.44194e-07,nan,nan,nan,nan,nan,nan,0
5.0021,0.5,1500.0,250369.0,255441.0,357679.66204692156,45.574513066484116,0.249951,6.98813e-07,nan,nan,nan,nan,nan,nan,0
5.0168,0.5,2000.0,174180.0,250696.0,305265.71510079544,55.20897903319026,0.249953,8.18804e-07,nan,nan,nan,nan,nan,nan,0
5.0314,0.5,2500.0,126274.0,234839.0,266635.47962902463,61.73287807122171,0.249956,9.37443e-07,nan,nan,nan,nan,nan,nan,0
5.0460,0.5,3000.0,97019.1,216139.0,236915.11789206276,65.82594514611513,0.249957,1.05505e-06,nan,nan,nan,nan,nan,nan,0
5.0607,0.5,4000.0,59633.0,181238.0,190796.50765409728,71.78716905770663,0.249959,1.31008e-06,nan,nan,nan,nan,nan,nan,0
5.0752,0.5,5000.0,39088.7,152842.0,157761.22283910582,75.65433292615941,0.249961,1.58443e-06,nan,nan,nan,nan,nan,nan,0
5.0898,0.5,6000.0,27375.7,132169.0,134974.3439009429,78.29799814778443,0.249962,1.85192e-06,nan,nan,nan,nan,nan,nan,0
5.1044,0.5,7500.0,15462.8,108468.0,109564.61658692555,81.88678895897003,0.249968,2.28146e-06,nan,nan,nan,nan,nan,nan,0
5.1187,0.5,10000.0,8862.55,83811.3,84278.578536853,83.96374176948481,0.249969,2.96598e-06,nan,nan,nan,nan,nan,nan,0
5.1330,0.5,12000.0,6362.74,70565.4,70851.67702650093,84.84768803117994,0.249968,3.52805e-06,nan,nan,nan,nan,nan,nan,0
5.1473,0.5,15000.0,4208.61,57008.3,57163.43820154716,85.77782621394203,0.249967,4.37286e-06,nan,nan,nan,nan,nan,nan,0
5.1616,0.5,20000.0,2559.05,42920.8,42997.02093799639,86.58791557251142,0.249965,5.81353e-06,nan,nan,nan,nan,nan,nan,0
5.1758,0.5,25000.0,1569.73,34481.8,34517.511258966806,87.39349883638396,0.249966,7.24171e-06,nan,nan,nan,nan,nan,nan,0
5.1900,0.5,30000.0,992.451,28697.9,28715.055692047703,88.01934632377102,0.249968,8.70513e-06,nan,nan,nan,nan,nan,nan,0
5.2042,0.5,40000.0,435.361,21551.7,21556.096865859578,88.84273836070788,0.249974,1.15964e-05,nan,nan,nan,nan,nan,nan,0
5.2183,0.5,50000.0,193.632,17261.8,17262.88598674694,89.35731898850185,0.24998,1.44808e-05,nan,nan,nan,nan,nan,nan,0
5.2324,0.5,60000.0,64.2576,14413.9,14414.043230445708,89.74457538265655,0.249986,1.73432e-05,nan,nan,nan,nan,nan,nan,0
5.2467,0.5,75000.0,-3.74039,11569.8,11569.800604613605,90.01852309921233,0.249991,2.16073e-05,nan,nan,nan,nan,nan,nan,0
5.2608,0.5,100000.0,-66.4879,8699.33,8699.58407567548,90.43789600880496,0.250005,2.87376e-05,nan,nan,nan,nan,nan,nan,0
5.2749,0.5,120000.0,-91.6698,7255.07,7255.649113424108,90.72390937176282,0.25002,3.44586e-05,nan,nan,nan,nan,nan,nan,0
5.2890,0.5,150000.0,-117.012,5804.44,5805.61930561624,91.15487209683732,0.25005,4.30703e-05,nan,nan,nan,nan,nan,nan,0
5.3031,0.5,200000.0,-94.5069,4111.79,4112.875947344827,91.31667553216228,0.250066,6.08007e-05,nan,nan,nan,nan,nan,nan,0
